Country,OblName,City,lang_code,pecom_id
RU,TUL,12 Лет Октября,ru,145153
RU,KEM,Абагур,ru,67555
RU,KK,Абакан,ru,66729
RU,VLG,Абаканово,ru,64897
RU,KYA,Абан,ru,66731
RU,TYU,Абатское,ru,112406
RU,MOS,Аббакумово,ru,179883
RU,ORE,Абдулино,ru,67735
RU,BA,Абзаково,ru,94925
RU,KDA,Абинск,ru,67603
RU,KDA,Абрау-Дюрсо,ru,64061
RU,MUR,Абрым-мыс,ru,67285
RU,MOS,Авсюнино,ru,119888
RU,LEN,Агалатово,ru,116893
RU,CHE,Агаповка,ru,94927
RU,BA,Агидель,ru,63251
RU,KYA,Агинское,ru,66733
RU,ZAB,Агинское,ru,106983
RU,KDA,Агой,ru,68281
RU,KDA,Агроном,ru,112304
RU,TA,Агрыз,ru,66297
RU,KDA,Агуй-Шапсуг,ru,115783
RU,ORE,Адамовка,ru,67775
RU,KDA,Адлер,ru,68283
RU,KC,Адыге Хабль,ru,64063
RU,AD,Адыгейск,ru,66633
RU,TA,Азнакаево,ru,67385
RU,CRI,Азов,ru,68033
RU,KIR,Азово,ru,67667
RU,KO,Айкино,ru,68373
RU,BA,Акбердино,ru,68941
KZ,SEV,Акбулак,ru,67737
RU,ORE,Аккермановка,ru,64053
KZ,ZAP,Аксай,ru,68035
RU,ORE,Аксаково,ru,64275
RU,AST,Аксарайский,ru,65787
RU,TA,Аксубаево,ru,66387
RU,TA,Актаныш,ru,67387
KZ,AKT,Актобе,ru,~101111
RU,TA,Актюбинский,ru,64869
RU,TVE,Акулово,ru,66835
RU,ALT,Акутиха,ru,64069
RU,ZAB,Акша,ru,173898
RU,BA,Акъяр,ru,64765
RU,MOS,Алабино,ru,64071
RU,MOS,Алабушево,ru,65589
RU,SE,Алагир,ru,67983
RU,MUR,Алакуртти,ru,67287
RU,SVE,Алапаевск,ru,66217
RU,CU,Алатырь,ru,68607
RU,SA,Алдан,ru,111170
RU,ALT,Алейск,ru,65857
RU,RYA,Александро-Невский,ru,117670
RU,ROS,Александров,ru,63109
RU,SAR,Александров-Гай,ru,68207
KZ,SEV,Александровка,ru,127730
KZ,SEV,Александровка (Александровский р-н),ru,67739
KZ,SEV,Александровка (Саратовский р-н),ru,65673
KZ,SEV,Александровка (Читинский р-н),ru,173876
KZ,SEV,Александровка (Марксовский р-н),ru,88255
RU,VOR,Александровка-Донская,ru,63875
RU,PER,Александровск,ru,67893
RU,SAK,Александровск-Сахалинский,ru,144669
RU,IRK,Александровское,ru,66337
RU,STA,Александровское,ru,67985
KZ,AKM,Алексеевка,ru,66147
RU,KDA,Алексеевская,ru,66053
RU,STA,Алексеевское,ru,66389
RU,TUL,Алексин,ru,101397
RU,IRK,Алзамай,ru,116937
RU,CU,Аликово,ru,68699
KZ,ALM,Алматы,ru,-112966
RU,UD,Алнаши,ru,66299
RU,ALT,Алтайское,ru,88253
RU,KEM,Алтамаш,ru,67557
RU,CRI,Алушта,ru,~147573
RU,KGN,Альменево,ru,66795
RU,TA,Альметьевск,ru,-124136
RU,BA,Амзя,ru,69041
RU,KHA,Амурск,ru,130962
RU,KDA,Анапа,ru,63259
RU,KDA,Анастасиевская,ru,63669
RU,IRK,Ангарск,ru,63233
RU,MOS,Ангелово,ru,66837
RU,TVE,Андреаполь,ru,111392
KZ,ALM,Андреевка,ru,65417
RU,NIZ,Андреево,ru,117666
RU,KEM,Анжеро-Судженск,ru,66515
RU,KB,Анзорей,ru,112396
RU,SAR,Анисовка,ru,64073
RU,VOR,Анна,ru,66149
RU,LEN,Аннино,ru,116915
KZ,SEV,Антоновка,ru,64075
RU,KOS,Антропово,ru,89612
RU,PNZ,Анучино,ru,111710
RU,KRS,Апанасовка,ru,63879
RU,MOS,Апаринки,ru,66841
RU,TA,Апастово,ru,66391
RU,MUR,Апатиты,ru,67289
RU,MOS,Апрелевка,ru,66843
RU,KDA,Апшеронск,ru,66635
RU,SVE,Арамиль,ru,66219
RU,KIR,Арбаж,ru,66565
RU,CHE,Аргаяш,ru,64079
RU,NIZ,Ардатов,ru,67809
RU,KIR,Ардаши,ru,63815
RU,SE,Ардон,ru,64237
RU,NIZ,Арзамас,ru,67473
RU,STA,Арзгир,ru,65945
RU,SAR,Аркадак,ru,68209
RU,KDA,Армавир,ru,-478
RU,TYU,Армизонское,ru,68541
RU,TYU,Аромашево,ru,68543
RU,PRI,Арсеньев,ru,63429
RU,TUL,Арсеньево,ru,117783
RU,TA,Арск,ru,66393
RU,PRI,Артем,ru,-109274
RU,SVE,Артемовский,ru,66221
RU,SVE,Арти,ru,66223
RU,KEM,Артышта,ru,67561
RU,ARK,Архангельск,ru,-485
RU,STA,Архангельское,ru,65747
RU,MOS,Архангельское,ru,66845
RU,TUL,Архангельское,ru,117789
RU,BA,Архангельское,ru,64695
RU,AMU,Архара,ru,112795
RU,KDA,Архипо-Осиповка,ru,67605
RU,STA,Архиповское,ru,65947
RU,KC,Архыз,ru,67417
RU,SVE,Асбест,ru,-139739
RU,ORE,Асекеево,ru,64783
RU,TOM,Асино,ru,68471
RU,BA,Аскарово,ru,64745
RU,BA,Аскино,ru,64723
KZ,AKM,Астана,ru,~101091
RU,AST,Астрахань,ru,-494
RU,ZAB,Атамановка,ru,106975
RU,KYA,Атаманово,ru,66735
RU,KDA,Атаманская,ru,64239
RU,MO,Атемар,ru,67811
RU,MOS,Атепцево,ru,66847
RU,SAR,Аткарск,ru,68211
RU,CU,Атлашево,ru,68701
RU,TA,Атня,ru,66395
KZ,ATY,Атырау,ru,~95445
RU,MO,Атюрьево,ru,122983
RU,MO,Атяшево,ru,67813
RU,MOS,Афанасьево,ru,66567
RU,KDA,Афипский,ru,66637
RU,KDA,Ахтанизовская станица,ru,114488
RU,AST,Ахтубинск,ru,66055
RU,KDA,Ахтырский,ru,66639
RU,KYA,Ачинск,ru,66737
RU,SVE,Ачит,ru,66227
RU,CHE,Аша,ru,68655
RU,KDA,Аше,ru,68285
RU,MOS,Ашукино,ru,65407
RU,MOS,Ащерино,ru,66849
RU,TA,Аэропорт Казань,ru,63857
RU,CHE,Аэропорт Магнитогорск,ru,94958
RU,KEM,Аэропорт Новокузнецк,ru,172119
RU,TYU,Аэропорт Рощино,ru,69033
RU,NVS,Аэропорт Толмачево,ru,69031
RU,BA,Аэропорт Уфа,ru,68971
RU,ALT,Ая,ru,64241
RU,KOS,Бабаево,ru,68813
RU,KEM,Бабанаково,ru,64259
RU,BU,Бабушкин,ru,64261
RU,KLU,Бабынино,ru,112362
RU,VOR,Бабяково,ru,64393
RU,TA,Бавлы,ru,67389
RU,ROS,Багаевская,ru,65237
RU,KGD,Багратионовск,ru,66453
RU,ALT,Баево,ru,65859
RU,TA,Базарные Матаки,ru,66397
RU,SAR,Базарный Карабулак,ru,68213
RU,ULY,Базарный Сызган,ru,68609
RU,TYU,Байкалово,ru,66229
RU,IRK,Байкальск,ru,66339
RU,BA,Баймак,ru,64265
KZ,ALM,Байсерке,ru,134104
RU,CHE,Бакал,ru,68749
RU,BA,Бакалы,ru,64711
RU,IRK,Баклаши,ru,66341
RU,MOS,Баковка,ru,63833
RU,KB,Баксан,ru,67987
RU,TOM,Бакчар,ru,68473
RU,KLU,Балабаново,ru,63111
RU,IRK,Балаганск,ru,64431
RU,PSK,Балакирево,ru,117646
RU,SAR,Балаково,ru,-117363
RU,KYA,Балахта,ru,66739
RU,SAM,Балашейка,ru,68425
RU,MOS,Балашиха,ru,66851
RU,SAR,Балашов,ru,68217
RU,UD,Балезино,ru,66301
RU,ZAB,Балей,ru,173893
RU,SAR,Балтай,ru,68219
RU,TA,Балтаси,ru,66399
RU,KGD,Балтийск,ru,66455
RU,NVS,Барабинск,ru,67635
RU,SVE,Баранчинский,ru,67515
RU,MOS,Барвиха,ru,64905
RU,PER,Барда,ru,67895
RU,ALT,Барнаул,ru,-501
RU,VLG,Барское,ru,66093
RU,KHM,Барсово,ru,69055
RU,PSK,Барсуки,ru,146310
RU,MOS,Барыбино,ru,63605
RU,ULY,Барыш,ru,68611
RU,KLU,Барятино,ru,117805
RU,AST,Басы,ru,65789
RU,ROS,Батайск,ru,63319
RU,IRK,Батарейная,ru,66343
RU,NGR,Батецкий,ru,65993
RU,TOM,Батурино,ru,68475
RU,CU,Батырево,ru,68703
RU,KIR,Бахта,ru,63547
RU,CRI,Бахчисарай,ru,~147575
RU,KEM,Бачатский,ru,67563
RU,UD,Башмаково,ru,64267
RU,IRK,Баяндай,ru,66345
RU,TA,Бегишево,ru,64307
RU,LEN,Бегуницы,ru,64181
RU,PSK,Бежаницы,ru,64269
RU,TVE,Бежецк,ru,109862
RU,SAM,Безенчук,ru,68083
RU,STA,Безопасное,ru,63779
RU,MOS,Бекасово,ru,66853
RU,PNZ,Беково,ru,67815
RU,MOS,Белая,ru,63713
RU,BRY,Белая Березка,ru,101399
RU,KDA,Белая Глина,ru,68037
RU,ROS,Белая Калитва,ru,68039
RU,KIR,Белая Холуница,ru,66569
RU,BEL,Белгород,ru,-458
RU,BA,Белебей,ru,68657
RU,TUL,Белев,ru,69133
RU,PNZ,Белинский,ru,67817
RU,TA,Бело-Безводное,ru,65725
RU,CHE,Белово,ru,66517
RU,KEM,Белогорск,ru,112778
RU,KDA,Белозерный,ru,66641
RU,VLG,Белозерск,ru,68815
RU,KGN,Белозерское,ru,66797
KZ,VOS,Белокаменка,ru,67291
RU,ALT,Белокуриха,ru,65861
RU,KR,Беломорск,ru,67939
RU,ARK,Беломорье,ru,65771
RU,MOS,Белоозерский,ru,64029
RU,MOS,Белоомут,ru,119872
RU,SPE,Белоостров,ru,64131
RU,BA,Белорецк,ru,68659
RU,KDA,Белореченск,ru,63321
RU,CHE,Белоусово,ru,117296
KZ,SEV,Белоярка,ru,64271
RU,KHM,Белоярский,ru,-139741
RU,BRY,Белые Берега,ru,63371
RU,MOS,Белые Столбы,ru,66855
RU,KDA,Белый,ru,114861
RU,MOS,Белый Раст,ru,121256
RU,SVE,Белый Яр,ru,69017
RU,PER,Беляевка,ru,67741
RU,MOS,Беляниново,ru,105249
RU,NVS,Бердск,ru,67637
RU,TYU,Бердюжье,ru,68545
RU,CHE,Бердяуш,ru,64641
RU,CHE,Береговой,ru,65617
RU,OMS,Береговой,ru,69071
RU,TVE,Бережки,ru,145137
RU,VLG,Бережное,ru,66095
RU,SAM,Береза,ru,64225
RU,TOM,Березкина,ru,68477
RU,BEL,Березник,ru,63199
RU,VLA,Березники,ru,-116162
RU,KYA,Березовка,ru,64287
RU,PER,Березовка,ru,64805
RU,SVE,Березовский,ru,66233
RU,KEM,Березовский,ru,66519
RU,SA,Беркакит,ru,111164
RU,MO,Берсеневка,ru,68993
RU,MOS,Беседы,ru,66857
RU,SE,Беслан,ru,67989
RU,KR,Бесовец,ru,63859
RU,KDA,Бесскорбная,ru,114245
RU,BEL,Бессоновка,ru,67819
RU,SAM,Бестужевка,ru,68085
RU,KLU,Бетлица,ru,117811
RU,KDA,Бетта,ru,64289
RU,TA,Бетьки,ru,63481
RU,AD,Бжедугхабль,ru,64291
RU,KDA,Бжид,ru,67607
RU,BA,Бижбуляк,ru,64727
RU,ALT,Бийск,ru,-107927
RU,TA,Бикасаз,ru,64293
RU,IRK,Бикей,ru,127732
RU,KHA,Бикин,ru,69087
RU,SVE,Билимбай,ru,66235
RU,MOS,Биокомбинат,ru,117791
RU,KHA,Бира,ru,111694
RU,YEV,Биробиджан,ru,69079
RU,BA,Бирск,ru,68661
RU,TA,Бирюли,ru,66401
RU,BEL,Бирюч,ru,63339
RU,SVE,Бисерть,ru,64661
RU,BU,Бичура,ru,63937
RU,TA,Бишмунча,ru,64295
RU,BA,Благовещенск,ru,-112568
RU,KDA,Благовещенская,ru,64297
RU,STA,Благодарный,ru,65949
RU,VOR,Бобров,ru,66151
KZ,VOS,Бобровка,ru,64299
RU,BEL,Боброво,ru,63639
RU,KHM,Бобровский,ru,66237
RU,TYU,Богандинский,ru,68547
RU,BEL,Богатое,ru,68087
RU,TA,Богатые Сабы,ru,66403
RU,CRI,Богатырь,ru,68427
RU,TOM,Богашево,ru,64301
RU,SVE,Богданович,ru,-139743
KZ,SEV,Боголюбово,ru,117668
RU,TUL,Богородицк,ru,106604
RU,NIZ,Богородск,ru,67477
RU,KIR,Богородское,ru,66571
RU,MOS,Богородское,ru,119900
RU,TAM,Богословка,ru,65427
RU,KYA,Боготол,ru,66743
RU,VOR,Богучар,ru,66153
RU,NGR,Божонка,ru,68879
RU,ROS,Боковская,ru,65279
RU,LEN,Бокситогорск,ru,64317
RU,TA,Болгар,ru,64305
RU,TVE,Бологое,ru,65995
RU,NVS,Болотное,ru,67639
RU,TUL,Болохово,ru,111669
RU,ORL,Болхов,ru,63727
RU,SMO,Болшево,ru,64013
RU,BA,Большая Амзя,ru,67449
RU,TA,Большая Атня,ru,66405
RU,SAM,Большая Глушица,ru,68089
RU,MO,Большая Елховка,ru,122991
RU,LEN,Большая Ижора,ru,65623
RU,KYA,Большая Мурта,ru,66745
RU,ROS,Большая Неклиновка,ru,90220
RU,ROS,Большая Орловка,ru,65613
RU,PER,Большая Соснова,ru,67897
RU,KEM,Большая Талда,ru,112225
RU,ZAB,Большая Тура,ru,173879
RU,SAM,Большая Черниговка,ru,64303
RU,MOS,Большевик,ru,121260
RU,OMS,Большеречье,ru,67669
RU,BA,Большеустьикинское,ru,112422
RU,MO,Большие Березники,ru,64257
RU,MOS,Большие Вяземы,ru,66859
RU,MOS,Большие Дворы,ru,65405
RU,TA,Большие Кайбицы,ru,66407
RU,CU,Большие Карачуры,ru,65477
RU,ARK,Большие Карелы,ru,121246
RU,TA,Большие Кибячи,ru,120723
RU,LEN,Большие Колпаны,ru,116909
RU,OMS,Большие Уки,ru,67671
RU,NIZ,Большое Болдино,ru,64319
RU,MOS,Большое Буньково,ru,64321
RU,MO,Большое Игнатово,ru,122985
RU,ULY,Большое Нагаткино,ru,68613
RU,PER,Большое Савино,ru,65567
RU,SVE,Большое Седельниково,ru,63491
RU,YAR,Большое Село,ru,68825
RU,KRS,Большое Солдатское,ru,63681
RU,MOS,Большое Толбино,ru,63615
RU,SVE,Большой Исток,ru,64325
RU,CHE,Большой Куяш,ru,64327
RU,ROS,Большой Лог,ru,64329
RU,IRK,Большой Луг,ru,64445
RU,KYA,Большой Улуй,ru,66747
RU,KL,Большой Царын,ru,65685
RU,TAM,Бондари,ru,63449
RU,PSK,Бор-Лазава,ru,136227
RU,ZAB,Борзя,ru,114923
RU,LIP,Боринское,ru,122854
RU,BEL,Борисов,ru,~102142
RU,MOS,Борисовка,ru,63753
RU,KDA,Борисовка,ru,64835
RU,IRK,Борисово,ru,66521
RU,VOR,Борисоглебск,ru,-123248
RU,YAR,Борисоглебский,ru,64333
RU,NGR,Боровенка,ru,68881
RU,NGR,Боровичи,ru,65997
RU,TA,Боровое Матюшино,ru,66409
RU,KLU,Боровск,ru,63113
RU,TYU,Боровский,ru,68549
RU,MOS,Бороденки,ru,63495
RU,KYA,Бородино,ru,64495
RU,MOS,Бородино,ru,64493
RU,TUL,Бородинский,ru,117801
RU,YAR,Борок,ru,68989
RU,SAM,Борское,ru,64335
RU,MOW,Ботаково,ru,63819
RU,KDA,Ботаника,ru,66643
RU,VLG,Ботово,ru,65655
RU,IRK,Бохан,ru,66347
RU,MOS,Братовщина,ru,63821
RU,IRK,Братск,ru,-102895
RU,CHE,Бреды,ru,67777
RU,YAR,Брейтово,ru,68827
RU,MOS,Брехово,ru,66861
RU,ARK,Брин-Наволок,ru,63195
RU,NGR,Бронница,ru,68877
RU,MOS,Бронницы,ru,66863
RU,KDA,Брюховецкая,ru,66645
RU,BRY,Брянск,ru,-95516
RU,LEN,Бугры,ru,64107
RU,TA,Бугульма,ru,67391
RU,ORE,Бугуруслан,ru,68091
RU,STA,Буденновск,ru,-511
RU,VOR,Буденного,ru,69101
RU,LEN,Будогощь,ru,116911
RU,MOS,Бужарово,ru,134100
RU,BA,Буздяк,ru,64703
RU,MOS,Бузланово,ru,68975
RU,ORE,Бузулук,ru,68093
RU,TA,Буинск,ru,68615
RU,KOS,Буй,ru,68829
RU,SVE,Буланаш,ru,64339
RU,MOS,Булатниково,ru,116800
RU,SMO,Булгаково,ru,68663
RU,MOS,Бунятино,ru,66865
RU,BA,Бураево,ru,67451
RU,CHE,Буранный,ru,94962
RU,ALT,Бурановка,ru,64341
RU,TA,Бурбаш,ru,120727
RU,ORE,Бурдыгино,ru,63479
RU,BA,Бурибай,ru,67779
RU,STA,Бурлацкое,ru,65951
RU,NVS,Бурмистрово,ru,64343
RU,BEL,Бутово,ru,64045
RU,VOR,Бутурлиновка,ru,66157
RU,NGR,Быково,ru,64347
RU,MOS,Быково,ru,66867
RU,MOW,Былово,ru,69015
RU,SVE,Быньги,ru,64349
RU,ALT,Быстрый Исток,ru,65865
RU,UD,Вавож,ru,66303
RU,TYU,Вагай,ru,68553
RU,SVE,Ваганово,ru,63541
RU,PNZ,Вадинск,ru,64997
RU,ARK,Важский,ru,121250
RU,CU,Важуково,ru,65225
RU,NGR,Валдай,ru,65999
RU,BEL,Валуйки,ru,66159
RU,SAM,Валы,ru,68429
RU,KHA,Ванино,ru,113565
RU,UD,Вараксино,ru,64383
RU,KGN,Варгаши,ru,66799
RU,KDA,Вардане,ru,68287
RU,KDA,Варениковская,ru,64361
RU,CHE,Варламово,ru,68431
RU,CHE,Варна,ru,68751
RU,LEN,Вартемяги,ru,64121
RU,PNZ,Васильевка,ru,64365
RU,SAM,Васильевка,ru,68433
RU,MOS,Васильево,ru,66411
RU,SVE,Васьково,ru,65773
RU,KDA,Васюринская,ru,64367
RU,MOS,Ватутинки,ru,66871
RU,YAR,Вахрушево,ru,64369
RU,KIR,Вахруши,ru,64885
RU,NIZ,Вахтан,ru,122979
RU,TA,Введенская Слобода,ru,65065
RU,BEL,Вейделевка,ru,63337
RU,SMO,Велиж,ru,94964
RU,TYU,Велижаны,ru,68555
RU,PSK,Великие Луки,ru,66001
RU,NGR,Великий Новгород,ru,-470
RU,VLG,Великий Устюг,ru,63229
RU,YAR,Великое,ru,65743
RU,ARK,Вельск,ru,63223
RU,MOS,Вельяминово,ru,64373
RU,NVS,Венгерово,ru,64591
RU,TUL,Венев,ru,106515
RU,MOS,Вербилки,ru,65419
RU,LEN,Верево п. ст.,ru,119761
RU,PER,Верещагино,ru,67899
RU,MOS,Верея,ru,65591
RU,KEM,Верх-Егос,ru,111485
RU,SVE,Верх-Нейвинский,ru,64375
RU,KEM,Верх-Чебула,ru,64377
RU,NVS,Верхне-Тула,ru,64555
RU,KDA,Верхнебаканский,ru,67609
RU,SMO,Верхнеднепровский,ru,94966
RU,SVE,Верхнее Дуброво,ru,65705
RU,SAM,Верхнее Санчелеево,ru,64351
RU,TOM,Верхнее Сеченово,ru,64353
RU,MOS,Верхнее Хорошово,ru,145145
RU,STA,Верхнерусское,ru,68341
RU,ROS,Верхнетемерницкий,ru,63659
RU,MUR,Верхнетуломский,ru,67293
RU,CHE,Верхнеуральск,ru,68753
RU,BA,Верхнеяркеево,ru,64709
RU,BA,Верхние Киги,ru,64737
RU,PNZ,Верхние поляны,ru,63551
RU,SVE,Верхние Серги,ru,64657
RU,BA,Верхние Татышлы,ru,67453
RU,AST,Верхний Баскунчак,ru,66057
RU,IVA,Верхний Ландех,ru,93039
RU,PNZ,Верхний Ломов,ru,67821
RU,VOR,Верхний Мамон,ru,66161
RU,TA,Верхний Симет,ru,120725
RU,SVE,Верхний Тагил,ru,66241
RU,TA,Верхний Услон,ru,66413
RU,CHE,Верхний Уфалей,ru,66243
RU,TA,Верхняя Мактама,ru,64857
RU,SAM,Верхняя Подстепновка,ru,68095
RU,SVE,Верхняя Пышма,ru,66245
RU,SVE,Верхняя Салда,ru,67517
RU,SVE,Верхняя Синячиха,ru,64687
RU,ARK,Верхняя Тойма,ru,65775
RU,SVE,Верхняя Тура,ru,67519
RU,VOR,Верхняя Хава,ru,66163
RU,VLG,Верховажье,ru,66097
RU,KR,Верховье,ru,63729
RU,SVE,Верхотурье,ru,67521
RU,KIR,Верхошижемье,ru,66573
RU,BEL,Веселое,ru,68289
RU,AD,Веселый,ru,65241
RU,TVE,Весьегонск,ru,106357
RU,NIZ,Ветлужский,ru,146072
RU,ROS,Вешенская,ru,101402
RU,TOM,Вешинино,ru,68479
RU,ULY,Вешкайма,ru,68617
RU,MOS,Вешки,ru,64391
RU,SAK,Взморье,ru,66457
RU,KR,Виданы,ru,63405
RU,IRK,Видим,ru,103550
RU,CRI,Видное,ru,66873
RU,MUR,Видяево,ru,67295
RU,KO,Визинга,ru,68375
RU,KEM,Викторьевка,ru,67565
RU,TYU,Викулово,ru,68557
RU,KR,Вилга,ru,63401
RU,KR,Виллагора,ru,63975
RU,LEN,Виллози,ru,64151
RU,NIZ,Виля,ru,122971
RU,TYU,Винзили,ru,68559
RU,MOS,Виноградово,ru,66875
RU,STA,Винсады,ru,67993
RU,SVE,Висим,ru,64675
RU,SVE,Висимо-Уткинск,ru,64677
RU,KDA,Витязево,ru,67611
RU,IRK,Вихоревка,ru,103538
RU,IVA,Вичуга,ru,89620
KZ,AKM,Вишневка,ru,68291
RU,CHE,Вишневогорск,ru,64663
RU,PRI,Владивосток,ru,-465
RU,SE,Владикавказ,ru,63245
RU,VLA,Владимир,ru,-147316
RU,PRI,Владимиро-Александровское,ru,112327
RU,MOS,Власиха,ru,66877
RU,MOS,ВНИИССОК,ru,114859
RU,MOW,Внуково,ru,66879
RU,VGG,Водный,ru,136705
RU,KO,Водный,ru,116100
RU,VLG,Вожега,ru,65353
RU,MOS,Воздвиженское,ru,66881
RU,KO,Войвож,ru,68377
RU,LEN,Войсковицы,ru,64173
RU,AST,Волго-Каспийский,ru,65723
RU,VGG,Волгоград,ru,-496
RU,ROS,Волгодонск,ru,68041
RU,KOS,Волгореченск,ru,101404
RU,ME,Волжск,ru,63235
RU,AST,Волжский,ru,65795
RU,VGG,Волжский,ru,-62409
RU,KDA,Волжский,ru,68097
RU,SAM,Волжский Утес,ru,89641
RU,KDA,Волковка,ru,65755
RU,KDA,Волконка,ru,68293
RU,KDA,Волна,ru,65701
RU,LIP,Волово,ru,63917
RU,TUL,Волово,ru,122562
RU,VLG,Вологда,ru,-507
RU,NIZ,Володарск,ru,65049
RU,AST,Володарский,ru,65797
RU,MOS,Володарского,ru,111455
RU,KOS,Володино,ru,65715
RU,MOS,Волоколамск,ru,66885
RU,BEL,Волоконовка,ru,69063
RU,MOS,Волосово,ru,64479
RU,LEN,Волосово,ru,64193
RU,NGR,Волот,ru,66003
RU,LEN,Волхов,ru,68155
RU,PRI,Волчанец,ru,118355
RU,SVE,Волчанск,ru,64685
RU,ALT,Волчиха,ru,65867
RU,VLA,Вольгинский,ru,117660
RU,PRI,Вольно-Надеждинское,ru,112325
RU,KDA,Вольное,ru,114241
RU,KDA,Вольное с.,ru,134108
RU,SAR,Вольск,ru,68221
RU,VOR,Воля,ru,122588
RU,LIP,Воробьевка,ru,66165
RU,VOR,Воронеж,ru,-466
RU,KDA,Воронежская,ru,65295
RU,MOS,Воронки,ru,68951
RU,BEL,Вороновка,ru,63619
RU,TOM,Вороново,ru,145139
RU,VOR,Воронцовка,ru,122594
RU,ROS,Воронцовка,ru,68043
RU,NIZ,Воротынец,ru,65087
RU,KLU,Воротынск,ru,102628
RU,MOS,Ворсино,ru,139239
RU,NIZ,Ворсма,ru,65153
RU,VLA,Ворша,ru,123749
RU,OMS,Воскресенка,ru,64221
RU,MOS,Воскресенск,ru,117809
RU,ME,Воскресенский,ru,67613
RU,MOS,Воскресенское,ru,63617
RU,SAR,Воскресенское,ru,64497
RU,BA,Воскресенское,ru,63851
RU,KDA,Восточная,ru,64853
RU,KIR,Восточный,ru,64883
RU,MOS,Восточный,ru,64025
RU,MOS,Востряково,ru,132513
RU,KDA,Восход,ru,114235
RU,UD,Воткинск,ru,64385
RU,VLG,Вохтога,ru,66099
RU,PRI,Врангель,ru,112227
RU,LEN,Всеволожск,ru,68157
RU,CU,Вурнары,ru,68705
RU,LEN,Выборг,ru,68159
RU,BRY,Выгоничи,ru,112356
RU,NIZ,Выкса,ru,67483
RU,KO,Выльгорт,ru,63559
RU,LEN,Вырица,ru,64189
RU,MOS,Вырубово,ru,64831
RU,KDA,Выселки,ru,66647
RU,STA,Выселки,ru,64255
RU,TA,Высокая Гора,ru,66415
RU,MUR,Высокий,ru,116041
RU,KHM,Высокий,ru,112027
RU,MOS,Высоково,ru,66889
RU,MOS,Высоковск,ru,64021
RU,LEN,Высоцк,ru,64207
RU,VLG,Вытегра,ru,66101
RU,MUR,Выходной,ru,67297
RU,KDA,Вышестеблиевская ст-ца,ru,65221
RU,TVE,Вышний Волочек,ru,66009
RU,KHA,Вяземский,ru,69085
RU,VLA,Вязники,ru,67485
RU,STA,Вязники,ru,68343
RU,SMO,Вязьма,ru,63121
RU,SMO,Вязьма-Брянская,ru,117025
RU,MOS,Вялки,ru,66891
RU,KR,Вяртсиля,ru,63861
RU,KIR,Вятские Поляны,ru,66417
RU,YAR,Гаврилов-Ям,ru,63579
RU,TAM,Гавриловка 2-я,ru,105214
RU,SMO,Гагарин,ru,63123
RU,NIZ,Гагино,ru,65133
RU,MUR,Гаджиево,ru,67299
RU,ZAB,Газимурский завод,ru,173891
RU,ORE,Гай,ru,67781
RU,KDA,Гайдук,ru,63777
RU,KOS,Галич,ru,89536
RU,PER,Гамово,ru,63561
RU,KIR,Ганино,ru,63775
RU,LEN,Гарболово,ru,116895
RU,LEN,Гатчина,ru,68161
RU,KGD,Гвардейск,ru,66459
RU,PSK,Гдов,ru,65431
RU,KDA,Геленджик,ru,63261
RU,ROS,Генеральское,ru,63505
KZ,VOS,Георгиевка,ru,63531
RU,STA,Георгиевск,ru,63279
RU,MOS,Гжель,ru,66893
RU,AD,Гиагинская,ru,66649
RU,ROS,Гигант,ru,65621
RU,IRK,Гидростроитель,ru,103837
RU,SE,Гизель,ru,145141
RU,KDA,Гизель-Дере,ru,114838
RU,KDA,Гирей,ru,65311
RU,UD,Глазов,ru,63231
RU,ORL,Глазуновка,ru,63731
RU,MOS,Глебовский,ru,118700
RU,LEN,Глебычево,ru,116901
RU,LEN,Глинка,ru,117011
RU,KDA,Глубокий,ru,114229
RU,ROS,Глубокий,ru,64957
RU,MOS,Глухово,ru,63781
RU,KRS,Глушково,ru,63697
RU,KGN,Глядянское,ru,66801
RU,SMO,Гнездово,ru,111380
RU,MOS,Голиково,ru,66895
RU,PNZ,Голицыно,ru,64031
RU,MOS,Головинка,ru,68295
RU,BEL,Головчино,ru,122572
RU,KDA,Голубая Дача,ru,68297
RU,KDA,Голубицкая,ru,65707
RU,SMO,Голынки,ru,117029
RU,TYU,Голышманово,ru,68561
RU,MOS,Гольево,ru,66897
RU,UD,Гольяны,ru,65513
RU,LEN,Горбунки,ru,64135
RU,BRY,Гордеевка,ru,121264
RU,SPE,Горелово,ru,64091
RU,KLU,Горки,ru,66899
RU,MOS,Горки-10,ru,119884
RU,AL,Горно-Алтайск,ru,64529
RU,SAK,Горнозаводск,ru,64807
RU,SVE,Горноуральский,ru,64671
RU,SAR,Горный,ru,68223
RU,NVS,Горный,ru,64567
RU,SVE,Горный Щит,ru,64645
RU,VGG,Городище,ru,66059
RU,PNZ,Городище,ru,67823
RU,VLA,Городищи,ru,117662
RU,KL,Городовиковск,ru,68345
RU,VLA,Гороховец,ru,65057
RU,KDA,Горское,ru,67615
RU,KRS,Горшечное,ru,63715
RU,OMS,Горьковское,ru,67673
RU,OMS,Горячий Ключ,ru,66651
RU,KDA,Гостагаевская,ru,65327
RU,LEN,Гостилицы,ru,116917
RU,STA,Гофицкое,ru,65953
RU,PNZ,Грабово,ru,67825
RU,BEL,Грайворон,ru,63755
RU,KEM,Грамотеино,ru,64463
KZ,AKM,Гранитный,ru,64755
RU,UD,Грахово п.,ru,67393
RU,SAM,Грачевка,ru,64779
RU,STA,Грачевка,ru,68347
RU,VGG,Гремячая,ru,124525
RU,PER,Гремячинск,ru,67901
RU,VOR,Грибановский,ru,65339
RU,MOS,Грибки,ru,66901
RU,STA,Григорополисская,ru,109068
RU,TUL,Грицовский,ru,117799
RU,LIP,Грязи,ru,66167
RU,VLG,Грязовец,ru,66103
RU,PER,Губаха,ru,67903
RU,ORE,Губерля,ru,64753
RU,MOS,Губино,ru,66903
RU,BEL,Губкин,ru,63911
RU,YAN,Губкинский,ru,68921
RU,KDA,Губская,ru,63521
RU,ROS,Гуково,ru,68045
RU,KDA,Гулькевичи,ru,66653
RU,ROS,Гуляй-Борисовка,ru,65559
RU,KGD,Гурьевск,ru,66461
RU,KEM,Гурьевск,ru,66523
RU,BEL,Гусев,ru,66463
RU,BU,Гусиноозерск,ru,63953
RU,VLA,Гусь-Хрустальный,ru,69149
RU,BA,Давлеканово,ru,68665
RU,VOR,Давыдовка,ru,65343
RU,MOW,Давыдово,ru,63557
RU,MOS,Давыдовское,ru,63585
RU,KDA,Дагомыс,ru,68299
RU,KGN,Далматово,ru,66803
RU,PRI,Дальнереченск,ru,113559
RU,YAR,Данилов,ru,68831
RU,SAR,Даниловка,ru,65177
RU,LIP,Данков,ru,63899
RU,ZAB,Дарасун,ru,106981
RU,KIR,Даровской,ru,66575
RU,ZAB,Даурия,ru,114927
RU,MOS,Дворики,ru,63637
RU,KDA,Двубратский,ru,66655
RU,SVE,Двуреченск,ru,66247
RU,UD,Дебесы,ru,66305
RU,LIP,Девица,ru,122604
RU,SVE,Дегтярск,ru,64649
RU,MOS,Деденево,ru,66905
RU,KDA,Дедеркой,ru,68301
RU,MOS,Дединово,ru,66907
RU,PSK,Дедовичи,ru,65433
RU,MOS,Дедовск,ru,66909
RU,SMO,Демидов,ru,94970
RU,YAR,Демино,ru,65107
RU,MOS,Демихово,ru,119890
RU,NGR,Демянск,ru,66011
RU,MOS,Денежниково,ru,66911
RU,SAR,Дергачи,ru,68225
RU,KR,Деревянка,ru,67941
RU,KR,Деревянное,ru,63407
RU,SMO,Десногорск,ru,94972
RU,MOS,Детково пос. ст.,ru,104650
RU,KLU,Детчино,ru,118004
RU,KDA,Дефановка,ru,63503
RU,TA,Джалиль,ru,67395
RU,ORE,Джанаталап,ru,67783
RU,CRI,Джанкой,ru,~147583
RU,KDA,Джубга,ru,67617
RU,KDA,Дзеберкой,ru,114840
RU,NIZ,Дзержинск,ru,-113000
RU,MOS,Дзержинский,ru,66913
RU,DA,Дзержинское,ru,66749
RU,KYA,Дивногорск,ru,66751
RU,CRI,Дивное,ru,68349
RU,KDA,Дивноморское,ru,65585
RU,SE,Дигора,ru,65229
RU,ULY,Димитровград,ru,63289
RU,KDA,Динская,ru,66657
RU,KRS,Дмитриев,ru,63675
RU,KEM,Дмитриевка,ru,63493
RU,TAM,Дмитриевка,ru,122858
RU,BA,Дмитриевка,ru,68667
RU,MOS,Дмитров,ru,66915
RU,ORL,Дмитровск,ru,63347
RU,PSK,Дно,ru,65435
RU,VGG,Добринка,ru,65569
RU,BEL,Добрино,ru,146028
RU,CRI,Доброе,ru,63919
RU,STA,Доброжеланный,ru,65955
RU,PER,Добрянка,ru,67905
RU,NVS,Довольное,ru,112402
RU,CHE,Долгодеревенское,ru,64613
RU,BEL,Долгое,ru,63349
RU,MOS,Долгое Ледово,ru,66917
RU,MOS,Долгопрудный,ru,66919
RU,KGD,Долгоруково,ru,66465
RU,LIP,Долгоруково,ru,63921
RU,SAK,Долинск,ru,144661
KZ,SEV,Долматово,ru,65777
RU,SAM,Домашка,ru,64229
RU,ORE,Домбаровский,ru,67785
RU,MOS,Домодедово,ru,66921
RU,MOS,Домодедово аэропорт,ru,64345
RU,AD,Дондуковская,ru,65307
RU,ROS,Донецк,ru,68047
RU,KGD,Донское,ru,66467
RU,STA,Донское,ru,68351
RU,ROS,Донской,ru,117292
RU,BA,Дорогино,ru,63485
RU,SMO,Дорогобуж,ru,94974
RU,KIR,Дороничи,ru,64875
RU,KYA,Дорохово,ru,65387
RU,KEM,Драченино село,ru,63543
RU,MOS,Дрезна,ru,66923
RU,MUR,Дровяной,ru,63805
RU,MOS,Дроздово,ru,66925
KZ,SEV,Дружба,ru,119894
RU,LEN,Дружная Горка,ru,116907
RU,MO,Дубенки,ru,118359
RU,CRI,Дубки,ru,64961
RU,TVE,Дубна,ru,66927
RU,TUL,Дубна,ru,117785
RU,MOS,Дубовая роща,ru,119896
RU,TUL,Дубовка,ru,66061
RU,BEL,Дубовое,ru,69125
RU,ROS,Дубовское,ru,65281
RU,SAM,Дубовый умет,ru,68099
RU,MOS,Дубровицы,ru,68963
RU,BRY,Дубровка,ru,101407
RU,LEN,Дубровка,ru,64133
RU,PNZ,Дубровки,ru,63881
RU,ZAB,Дульдурга,ru,173897
RU,KLU,Думиничи,ru,112358
RU,KEM,Дунай-Ключ,ru,122142
RU,MOS,Дурыкино,ru,66929
RU,SAR,Духовницкое,ru,68101
RU,SMO,Духовщина,ru,111388
RU,BA,Дюртюли,ru,67455
RU,CRI,Дятловка,ru,94976
RU,BRY,Дятьково,ru,63385
RU,PNZ,Евлашево,ru,128174
RU,CRI,Евпатория,ru,~147577
RU,SVE,Евстюниха,ru,64665
RU,MOS,Еганово,ru,66931
RU,ROS,Егорлыкская,ru,65247
RU,MOS,Егорьевск,ru,66933
RU,KDA,Ейск,ru,68049
RU,SVE,Екатеринбург,ru,-473
KZ,SEV,Екатериновка,ru,68227
RU,OMS,Екатеринославка,ru,112797
RU,TA,Елабуга,ru,67397
RU,TA,Елабуга СЭЗ Алабуга,ru,64409
RU,IRK,Еланцы,ru,64421
RU,KEM,Елань,ru,64477
RU,VGG,Елань,ru,65181
RU,VOR,Елань-Колено,ru,65573
RU,RYA,Елатьма,ru,117688
RU,BEL,Елец,ru,63239
RU,MOS,Елизаветино,ru,64209
RU,ROS,Елизаветинская,ru,65293
RU,MOS,Елино,ru,66935
RU,PER,Елово,ru,67457
RU,ULY,Елховка,ru,64929
RU,KEM,Елыкаево,ru,66525
RU,MO,Ельники,ru,114690
RU,MOS,Ельня,ru,94978
RU,ALT,Ельцовка,ru,64527
RU,CHE,Еманжелинск,ru,68755
RU,KO,Емва,ru,68379
RU,KYA,Емельяново,ru,66753
RU,ARK,Емецк,ru,63197
RU,ARK,Емца,ru,65779
RU,MUR,Ена,ru,67301
RU,KYA,Енисейск,ru,66755
RU,AST,Енотаевка,ru,65799
RU,MOS,Еремино,ru,66937
RU,SVE,Ерзовка,ru,65185
RU,LEN,Ермилово,ru,65669
RU,RYA,Ермишь,ru,105191
RU,KYA,Ермолаево,ru,64731
RU,KLU,Ермолино,ru,117298
RU,AMU,Ерофей Павлович,ru,111160
RU,ARK,Ерцево,ru,116094
RU,SMO,Ершичи,ru,117013
RU,SAR,Ершов,ru,68229
RU,IRK,Ершово,ru,106957
RU,CHE,Есаульский,ru,68757
KZ,ALM,Есик,ru,122132
RU,MOS,Есипово,ru,66941
RU,STA,Ессентуки,ru,67995
RU,CHE,Еткуль,ru,68759
RU,LEN,Ефимовский,ru,63665
RU,TUL,Ефремов,ru,63241
RU,MOS,Жаворонки,ru,65593
RU,TVE,Жарковский,ru,117140
RU,STA,Железноводск,ru,67997
RU,KYA,Железногорск,ru,66757
RU,KRS,Железногорск,ru,63747
RU,IRK,Железногорск-Илимский,ru,103546
RU,KGD,Железнодорожный,ru,66469
RU,BEL,Жердевка,ru,63459
RU,KO,Жешарт,ru,68381
RU,SAM,Жигулевск,ru,68435
RU,KLU,Жиздра,ru,63125
RU,MOS,Жилино,ru,69027
RU,MOS,Жилино-Горки,ru,66945
RU,ROS,Жирнов,ru,65291
RU,VGG,Жирновск,ru,68231
RU,BRY,Жирятино,ru,121266
RU,MOS,Житнево,ru,132515
RU,KLU,Жуков,ru,102636
RU,MOS,Жуковка,ru,63389
RU,MOS,Жуково,ru,65495
RU,BA,Жуково,ru,64691
RU,MOS,Жуковский,ru,66949
RU,KGN,Журавлево,ru,66527
RU,KEM,Журавли,ru,66529
RU,KDA,Журавская,ru,66659
RU,ZAB,Забайкальск,ru,114929
RU,RYA,Заборье,ru,66951
RU,VOR,Заброды,ru,122584
RU,AMU,Завитинск,ru,112799
RU,TYU,Заводоуковск,ru,68563
RU,IVA,Заволжск,ru,90228
RU,ALT,Завьялово,ru,65869
RU,UD,Завьялово,ru,66307
RU,NVS,Завьялово,ru,63843
RU,MOS,Загорново,ru,63609
RU,MOS,Загорянский,ru,65423
RU,LIP,Задонск,ru,65577
RU,BU,Заиграево,ru,63941
RU,TA,Заинск,ru,67399
RU,SVE,Зайково,ru,63517
RU,IRK,Залари,ru,64415
RU,ORL,Залегощь,ru,63733
RU,ALT,Залесово,ru,65871
RU,CRI,Залесье,ru,64379
RU,KB,Залукокоаже,ru,65211
RU,KEM,Заозерный,ru,66759
RU,MUR,Заозерск,ru,67303
RU,MOS,Заозерье,ru,65073
RU,TUL,Заокский,ru,117787
RU,TVE,Западная Двина,ru,112229
RU,YAN,Заполярный,ru,67305
RU,MOS,Запрудня,ru,66953
RU,MOS,Зарайск,ru,66955
RU,PNZ,Заречный,ru,67827
RU,VLG,Заречье,ru,69073
RU,ALT,Заринск,ru,65873
RU,PRI,Зарубино,ru,112323
RU,PNZ,Засечное,ru,67829
RU,BEL,Засосна,ru,122578
RU,KDA,Зассовская,ru,114252
RU,STA,Затеречный,ru,65201
RU,CHE,Зауральский,ru,64635
RU,BEL,Захарово,ru,117672
RU,KB,Заюково,ru,63641
RU,ME,Звенигово,ru,64871
RU,MOS,Звенигород,ru,66957
RU,ROS,Зверево,ru,68051
RU,KGN,Звериноголовское,ru,64605
RU,MOS,Зверосовхоз,ru,67307
RU,ALT,Зеленая Поляна,ru,94980
RU,AST,Зеленга,ru,65801
RU,MUR,Зеленоборский,ru,67309
RU,SAM,Зеленовка,ru,68437
RU,KYA,Зеленогорск,ru,64285
RU,LEN,Зеленогорск,ru,64141
RU,TVE,Зеленогорский,ru,64471
RU,MOS,Зеленоград,ru,66959
RU,KGD,Зеленоградск,ru,66471
RU,TA,Зеленодольск,ru,-129367
RU,CRI,Зеленое,ru,66473
RU,STA,Зеленокумск,ru,65957
RU,KC,Зеленчукская,ru,67421
RU,ME,Зеленый,ru,66961
RU,PNZ,Земетчино,ru,67831
RU,AST,Зензели,ru,65803
RU,ROS,Зерноград,ru,68053
RU,AMU,Зея,ru,172724
RU,BA,Зилаир,ru,64743
RU,IRK,Зима,ru,64425
RU,MOS,Зименки,ru,63633
RU,ROS,Зимовники,ru,65077
RU,BA,Зирган,ru,63847
RU,CHE,Златоуст,ru,63297
RU,BRY,Злынка,ru,101415
RU,ALT,Змеиногорск,ru,115888
RU,SE,Змейская,ru,65517
RU,ORL,Змиевка,ru,63735
RU,KGD,Знаменка,ru,63457
RU,AST,Знаменск,ru,66063
RU,KGD,Знаменск,ru,66475
RU,OMS,Знаменское,ru,67675
RU,ORL,Знаменское,ru,63737
RU,MOS,Знамя Октября,ru,119892
RU,ROS,Золотаревка,ru,67833
RU,ROS,Золотая Коса,ru,90217
RU,SAR,Золотая степь,ru,107887
RU,KRS,Золотухино,ru,63683
RU,SAK,Зональное,ru,65875
RU,ALT,Зональное,ru,68233
RU,SAR,Зоринский,ru,68235
RU,MO,Зубова Поляна,ru,67835
RU,KDA,Зубова Щель,ru,68303
RU,MOS,Зубово,ru,66963
RU,BA,Зубово,ru,65533
RU,TVE,Зубцов,ru,106353
RU,SAM,Зуевка,ru,66577
RU,TOM,Зырянское,ru,68481
RU,CU,Ибреси,ru,68707
RU,SVE,Ива,ru,64669
RU,LEN,Ивангород,ru,68163
RU,VGG,Иванов Бор,ru,65657
RU,AMU,Ивановка,ru,112801
RU,MOS,Иваново,ru,-92885
RU,KDA,Ивановская,ru,65297
RU,SAR,Ивантеевка,ru,64971
RU,MOS,Ивантеевка,ru,66965
RU,AST,Иванчуг,ru,64279
RU,MOS,Ивачково,ru,68977
RU,SVE,Ивдель,ru,67523
RU,BEL,Ивня,ru,63769
RU,BU,Иволгинск,ru,63951
RU,BRY,Ивот,ru,101417
RU,BA,Иглино,ru,68669
RU,MOS,Игнатово,ru,101917
RU,UD,Игра,ru,66309
RU,UD,Ижевск,ru,-480
RU,KEM,Ижморский,ru,66531
RU,LEN,Извара,ru,64199
RU,STA,Извещательный,ru,68353
RU,KHM,Излучинск,ru,69051
RU,MOS,Измалково,ru,63923
RU,KLU,Износки,ru,117807
RU,STA,Изобильный,ru,68355
RU,AST,Икряное,ru,65805
RU,MOS,Икша,ru,66967
RU,KYA,Иланский,ru,66761
RU,ORE,Илек,ru,67743
RU,ME,Илеть,ru,64519
RU,VGG,Иловатка,ru,107889
RU,VGG,Иловля,ru,66065
RU,KEM,Ильинка,ru,65807
RU,ALT,Ильинка,ru,64485
RU,NIZ,Ильиногорск,ru,65145
RU,MOS,Ильинский,ru,66969
RU,PER,Ильинский,ru,64795
RU,KR,Ильинский,ru,67943
RU,MOS,Ильинский Погост,ru,65389
RU,KIR,Ильинское,ru,63591
RU,IVA,Ильинское-Хованское,ru,117190
RU,KDA,Ильский,ru,66661
RU,MOS,Им. Воровского пос.,ru,66971
RU,KRS,Им. Карла Либкнехта,ru,122468
RU,LEN,им. Морозова,ru,64143
RU,LEN,им.Свердлова,ru,64123
RU,SAR,Индустриальный,ru,112306
RU,TAM,Инжавино,ru,65579
RU,ULY,Инза,ru,109525
RU,STA,Иноземцево,ru,67999
RU,MO,Инсар,ru,67839
RU,KEM,Инской,ru,64461
KZ,AKM,Интернациональный,ru,139249
RU,TUL,Иншинский,ru,112315
RU,STA,Ипатово,ru,68357
RU,KYA,Ирбейское,ru,66763
RU,SVE,Ирбит,ru,66251
RU,IRK,Иркутск,ru,-505
RU,SAM,Исаклы,ru,68103
RU,ARK,Исакогорка,ru,121254
RU,TYU,Исетское,ru,68565
RU,OMS,Исилькуль,ru,67677
RU,NVS,Искитим,ru,67641
RU,STA,Искра,ru,65959
RU,MOS,Искра,ru,64283
RU,KB,Исламей,ru,63643
RU,PNZ,Исса,ru,64989
RU,MOS,Истра,ru,66973
RU,BA,Исянгулово,ru,64741
RU,UD,Италмас,ru,88257
RU,TOM,Итатка,ru,68483
RU,CHE,Ишалино,ru,68761
RU,ULY,Ишеевка,ru,68619
RU,TYU,Ишим,ru,68567
RU,BA,Ишимбай,ru,68671
RU,YAR,Ишня,ru,117178
RU,ME,Йошкар-Ола,ru,-121030
RU,SAM,Кабановка,ru,65465
RU,BU,Кабанск,ru,63963
RU,KDA,Кабардинка,ru,67619
RU,KDA,Кавказская,ru,66663
RU,KC,Кавказский,ru,112400
RU,ROS,Кагальницкая,ru,68055
RU,VLG,Кадников,ru,66105
RU,SVE,Кадниково,ru,63629
RU,RYA,Кадом,ru,105193
RU,MO,Кадошкино,ru,67841
RU,VLG,Кадуй,ru,68817
RU,KOS,Кадый,ru,89583
RU,KO,Кажим,ru,68383
RU,KDA,Казазово,ru,66665
RU,KDA,Казанская,ru,63509
RU,VOR,Казанская,ru,122009
KZ,SEV,Казанское,ru,68569
RU,KYA,Казанцево,ru,64611
RU,TA,Казань,ru,-484
RU,KYA,Казачинское,ru,66765
RU,LIP,Казинка,ru,89763
RU,STA,Казинка,ru,64895
RU,CHE,Кайгородово,ru,94983
RU,VOR,Калач,ru,66169
RU,VGG,Калач-на-Дону,ru,66067
RU,KEM,Калачево,ru,172117
RU,OMS,Калачинск,ru,67679
RU,TVE,Калашниково,ru,117158
RU,ZAB,Калга,ru,173889
RU,KR,Калевала,ru,63863
RU,BEL,Калинин,ru,65235
RU,KGD,Калининград,ru,-510
RU,MOS,Калининец,ru,64039
RU,SAR,Калининск,ru,68237
RU,KDA,Калининская,ru,66667
KZ,SEV,Калиновка,ru,66975
RU,KGD,Калиново,ru,63601
RU,ALT,Калманка,ru,65877
RU,KEM,Калтан,ru,67567
RU,BA,Калтасы,ru,67459
RU,KLU,Калуга,ru,-134714
RU,TVE,Калязин,ru,104889
RU,UD,Камбарка,ru,64499
RU,IVA,Каменка,ru,117196
RU,PNZ,Каменка,ru,67843
Ru,VOR,Каменка,ru,65337
RU,LEN,Каменка,ru,116903
RU,TYU,Каменка,ru,105195
RU,LEN,Каменногорск,ru,65375
RU,AD,Каменномостский,ru,66669
RU,SVE,Каменск-Уральский,ru,-118477
RU,ROS,Каменск-Шахтинский,ru,68057
RU,ALT,Камень-на-Оби,ru,65879
RU,PRI,Камень-Рыболов,ru,112335
RU,VLA,Камешково,ru,102443
RU,TA,Камские Поляны,ru,64309
RU,UD,Камское,ru,94994
RU,TA,Камское Устье,ru,66421
RU,AST,Камызяк,ru,65809
RU,VGG,Камышин,ru,68239
RU,SAM,Камышла,ru,64949
RU,SVE,Камышлов,ru,66255
RU,PNZ,Канаевка,ru,67845
RU,CU,Канаш,ru,68709
RU,STA,Канглы,ru,88295
RU,MUR,Кандалакша,ru,67311
RU,BA,Кандры,ru,64717
RU,MUR,Каневка,ru,67313
RU,KDA,Каневская,ru,66671
RU,KYA,Канск,ru,66767
RU,VOR,Кантемировка,ru,65341
RU,LEN,Капитолово,ru,65361
RU,AST,Капустин Яр,ru,66069
RU,MOS,Капустино,ru,88259
KZ,ALM,Капчагай,ru,122134
RU,TOM,Капылова,ru,68485
RU,BEL,Карабаново,ru,117290
RU,TA,Карабаш,ru,128166
RU,CHE,Карабаш,ru,68763
RU,YAR,Карабиха,ru,68833
RU,MOS,Караваево,ru,92998
RU,PER,Карагай,ru,67907
RU,KEM,Карагайла,ru,146024
RU,CHE,Карагайский,ru,94996
KZ,KAR,Караганда,ru,~101093
RU,BA,Караидель,ru,64735
RU,UD,Каракулино,ru,66311
RU,AST,Караозек,ru,63845
RU,KC,Карачаевск,ru,67425
RU,BRY,Карачев,ru,63369
RU,VOR,Карачун,ru,65745
RU,ORE,Каргала,ru,64767
RU,KGN,Каргаполье,ru,66807
RU,TOM,Каргасок,ru,68487
RU,NVS,Каргат,ru,67643
RU,ARK,Каргополь,ru,63217
RU,SMO,Кардымово,ru,111390
RU,IRK,Карлук,ru,65501
RU,BA,Карманово,ru,67461
RU,BA,Кармаскалы,ru,64699
RU,SVE,Карпинск,ru,67525
RU,NVS,Карпысак,ru,67645
RU,ULY,Карсун,ru,68621
RU,CHE,Карталы,ru,67787
RU,ZAB,Карымское,ru,112424
RU,RYA,Касимов,ru,94998
RU,TYU,Каскара,ru,68571
KZ,ALM,Каскелен,ru,122136
RU,CHE,Касли,ru,66257
RU,KRS,Касторное,ru,63699
RU,CHE,Катав-Ивановск,ru,68673
RU,KGN,Катайск,ru,66259
RU,KDA,Каткова Щель,ru,68305
RU,ARK,Катунино,ru,65355
RU,SMO,Катынь,ru,111382
RU,SVE,Качканар,ru,-139729
RU,IRK,Качуг,ru,64429
RU,ROS,Кашары,ru,65277
RU,TVE,Кашин,ru,109034
RU,MOS,Кашира,ru,66977
RU,VOR,Каширское,ru,66171
RU,KB,Кашхатау,ru,112398
RU,ORE,Кваркено,ru,67789
RU,KR,Кварцитный,ru,63865
RU,UD,Кватчи,ru,64849
RU,KEM,Кедровка,ru,66533
RU,UD,Кез,ru,66313
RU,KEM,Кемерово,ru,-476
RU,MO,Кемля,ru,67847
RU,KR,Кемь,ru,67945
RU,KDA,Кепша,ru,64523
RU,CRI,Керчь,ru,~147585
RU,TVE,Кесова Гора,ru,109864
RU,KGN,Кетово,ru,66809
RU,MOW,Киевский пгт,ru,65403
KZ,SEV,Киевское,ru,69123
RU,BU,Кижинга,ru,63943
RU,PER,Кизел,ru,67909
RU,CHE,Кизильское,ru,64763
RU,UD,Кизнер,ru,64851
RU,LEN,Кикерино,ru,64183
RU,KIR,Кикнур,ru,68711
RU,MUR,Килпъявр,ru,67315
RU,MUR,Кильдинстрой,ru,67317
RU,UD,Кильмезь,ru,66579
RU,TUL,Кимовск,ru,112384
RU,TVE,Кимры,ru,69145
RU,LEN,Кингисепп,ru,68165
RU,TA,Киндери,ru,66423
RU,SAM,Кинель,ru,68105
RU,SAM,Кинель-Черкасcы,ru,68107
RU,SAM,Кинельский,ru,69127
RU,IVA,Кинешма,ru,89610
RU,MOS,Кипелово,ru,65497
RU,LEN,Кипень,ru,64129
RU,SVE,Киприно,ru,64487
RU,BA,Киргиз-Мияки,ru,64715
RU,ТOM,Киреевск,ru,68489
RU,TUL,Киреевск,ru,112408
RU,VLA,Киржач,ru,102439
RU,VLG,Кириллов,ru,66107
RU,MOS,Кирилловка,ru,64501
RU,SAM,Кирилловка,ru,63489
RU,SAM,Кириловка,ru,88261
RU,LEN,Кириши,ru,66013
RU,BRY,Киров,ru,69143
RU,KIR,Киров,ru,-441
RU,SVE,Кировград,ru,-139731
RU,KIR,Кирово-Чепецк,ru,66581
RU,MUR,Кировск,ru,67319
RU,LEN,Кировск,ru,68167
RU,PRI,Кировский,ru,111712
RU,AST,Кировский,ru,65811
RU,SVE,Кирпичный Завод,ru,119763
RU,KIR,Кирс,ru,66583
RU,TAM,Кирсанов,ru,67849
RU,KEM,Киселевск,ru,67569
RU,LEN,Кисельня,ru,65625
RU,TOM,Кисловка,ru,65551
RU,STA,Кисловодск,ru,63281
RU,MUR,Кица,ru,67321
RU,VLG,Кичменгский Городок,ru,66109
RU,UD,Киясово,ru,66315
RU,BRY,Клетня,ru,101422
RU,VGG,Клетская,ru,63887
RU,LEN,Климово,ru,101424
RU,MOS,Климовск,ru,66979
RU,VLG,Климовское,ru,65691
RU,MOS,Клин,ru,66981
RU,BRY,Клинцы,ru,101426
RU,MOS,Клишева,ru,101428
RU,SAM,Клявлино,ru,68109
RU,MOS,Клязьма (Пушкино),ru,66983
RU,KHA,Князе-Волконское,ru,111704
RU,LEN,Кобралово,ru,64125
RU,LEN,Кобринское,ru,65371
RU,LEN,Ковалево,ru,65627
RU,KDA,Ковалевское,ru,114243
RU,MUR,Ковдор,ru,67323
RU,NIZ,Ковернино,ru,122860
RU,VLA,Ковров,ru,63133
RU,MO,Ковылкино,ru,67851
RU,KHM,Когалым,ru,68915
RU,ARK,Кодино,ru,120731
RU,CHE,Коелга,ru,63545
RU,TOM,Кожевниково,ru,68491
RU,MOS,Кожухово,ru,64051
RU,SAM,Козелки,ru,68111
RU,KLU,Козельск,ru,69137
RU,SMO,Козловка,ru,68713
RU,MOS,Козлово,ru,117156
RU,KYA,Козулька,ru,64453
RU,ME,Козьмодемьянск,ru,68715
RU,KO,Койгородок,ru,68385
RU,ROS,Койсуг,ru,64539
RU,MOS,Кокошкино,ru,65385
RU,SVE,Кокуй,ru,173895
KZ,AKM,Кокшетау,ru,~101096
RU,MUR,Кола,ru,67325
RU,TOM,Коларова,ru,68493
RU,VGG,Колобовка,ru,64531
RU,VOR,Колодезный,ru,63433
RU,MOS,Коломна,ru,95001
RU,KDA,Колосистый,ru,66673
RU,OMS,Колосовка,ru,67681
RU,TOM,Колпашево,ru,68495
RU,SPE,Колпино,ru,68169
RU,ORL,Колпна,ru,63351
RU,LEN,Колтуши,ru,64085
RU,LEN,Колчаново,ru,65733
RU,NVS,Колывань,ru,67647
RU,PNZ,Колышлей,ru,64985
RU,SVE,Кольцово,ru,64059
RU,NVS,Кольцово,ru,64575
RU,CRI,Кольчугино,ru,63135
RU,MOS,Колюбакино,ru,63791
RU,BRY,Комаричи,ru,63377
RU,NIZ,Комарово,ru,64171
RU,SAR,Коминтерн,ru,63573
RU,LEN,Коммунар,ru,68171
RU,MOS,Коммунарка,ru,64893
RU,KGD,Комсомольск,ru,93010
RU,KHA,Комсомольск-на-Амуре,ru,113555
KZ,SEV,Комсомольский,ru,67853
KZ,AKT,Комсомольское,ru,68717
RU,TVE,Конаково,ru,63137
RU,PNZ,Кондоль,ru,64983
RU,KR,Кондопога,ru,67947
RU,PER,Кондратово,ru,63571
RU,KLU,Кондрово,ru,102632
RU,KDA,Коноково,ru,114225
RU,ARK,Коноша,ru,63221
RU,AMU,Константиновка,ru,112803
RU,TA,Константиновка,ru,68973
RU,MOS,Константиново,ru,63621
RU,ROS,Константиновск,ru,65255
RU,KDA,Константиновская,ru,114254
RU,YAR,Константиновский,ru,65347
RU,KR,Кончезеро,ru,69001
RU,KRS,Конышевка,ru,63677
RU,CHE,Копейск,ru,68765
RU,LEN,Копорье,ru,64155
RU,RYA,Кораблино,ru,112380
RU,MOS,Коренево,ru,63679
RU,KDA,Кореновск,ru,66675
RU,CHE,Коркино,ru,68767
RU,OMS,Кормиловка,ru,67683
RU,MOS,Коробово,ru,69007
RU,MOS,Королев,ru,66987
RU,YAR,Коромыслово,ru,68835
RU,YAN,Коротчаево,ru,173339
RU,BEL,Короча,ru,68901
RU,SAK,Корсаков,ru,144657
RU,ORL,Корсаково,ru,63353
RU,KO,Корткерос,ru,68387
RU,KHA,Корфовский,ru,69095
RU,ARK,Коряжма,ru,63205
RU,KLU,Коряково,ru,113411
RU,KO,Косалма,ru,63971
RU,KIR,Косино,ru,68979
RU,ALT,Косиха,ru,65881
RU,LEN,Косколово,ru,65469
KZ,KOS,Костанай,ru,~101115
RU,VLA,Костерево,ru,117658
RU,UD,Костино,ru,64877
RU,KR,Костомукша,ru,67949
RU,MOS,Кострово,ru,66991
RU,BEL,Кострома,ru,-88520
RU,SVE,Косулино,ru,63483
RU,MOS,Котельники,ru,66993
RU,CRI,Котельниково,ru,66071
RU,KIR,Котельнич,ru,66585
RU,KEM,Котино,ru,111489
RU,ARK,Котлас,ru,63203
RU,MOS,Котово,ru,66073
RU,TAM,Котовск,ru,63901
RU,NVS,Коурак,ru,67649
RU,IVA,Кохма,ru,63141
RU,PER,Кочево,ru,64817
RU,NVS,Коченево,ru,67651
RU,NVS,Кочки,ru,64573
RU,MO,Кочкурово,ru,65005
RU,STA,Кочубеевское,ru,67427
RU,SAM,Кошелевка,ru,68439
RU,AD,Кошехабль,ru,66677
RU,SAM,Кошки,ru,64941
RU,TA,Кощаково,ru,65687
RU,PER,Кояново,ru,64787
RU,KDA,Краевско-Армянское,ru,64837
RU,KEM,Крапивинский,ru,66535
RU,PRI,Краскино,ru,112319
RU,MOS,Красково,ru,66995
RU,BA,Красная Башкирия,ru,95004
RU,SAM,Красная Глинка,ru,68113
RU,TVE,Красная Гора,ru,101431
RU,VLA,Красная Горбатка,ru,106955
RU,MOS,Красная Горка,ru,68981
RU,BA,Красная Горка,ru,64701
RU,ORL,Красная Заря,ru,63355
RU,LEN,Красная Заря,ru,104934
RU,MOS,Красная Пахра,ru,66997
RU,TA,Красная Поляна,ru,122995
RU,KDA,Красная Поляна,ru,68307
RU,BEL,Красная Яруга,ru,63763
RU,MOS,Красноармейск,ru,66999
RU,SAR,Красноармейск,ru,64503
RU,ROS,Красноармейское,ru,66679
RU,SAM,Красноармейское,ru,68115
RU,CU,Красноармейское,ru,68719
RU,ARK,Красноборск,ru,63201
RU,KEM,Краснобродский,ru,67571
RU,PER,Красновишерск,ru,67911
RU,VLA,Красногвардейский,ru,64659
RU,KDA,Красногвардейское,ru,65299
RU,STA,Красногвардейское,ru,68359
RU,SAK,Красногорск,ru,67001
RU,ME,Красногорский,ru,65017
RU,CHE,Красногорский,ru,68769
RU,ALT,Красногорское,ru,65883
RU,UD,Красногорское,ru,66317
RU,KDA,Краснодар,ru,-447
RU,KEM,Красное,ru,63773
RU,LIP,Красное,ru,63925
RU,MOW,Красное,ru,63627
RU,BEL,Красное,ru,122464
RU,SPE,Красное Село,ru,68173
RU,KOS,Красное-на-Волге,ru,117182
RU,MOS,Краснозаводск,ru,67003
RU,KO,Краснозатонский,ru,68389
RU,NVS,Краснозерское,ru,64593
RU,KGD,Краснознаменск,ru,66477
RU,MOS,Краснознаменск,ru,67005
RU,KYA,Краснокаменск,ru,114931
RU,PER,Краснокамск,ru,63277
RU,VOR,Краснолесный,ru,122564
RU,TVE,Красномайский,ru,117154
RU,NVS,Краснообск,ru,64577
RU,ME,Краснооктябрьский,ru,65019
RU,KDA,Красносельский,ru,65313
RU,VGG,Краснослободск,ru,65189
RU,MO,Краснослободск,ru,67855
RU,SVE,Краснотурьинск,ru,67531
RU,SVE,Красноуральск,ru,-139733
RU,BA,Красноусольский,ru,64705
RU,SVE,Красноуфимск,ru,66261
RU,STA,Красночервонный,ru,65679
RU,ALT,Краснощеково,ru,65885
RU,SVE,Красноярка,ru,67685
RU,KYA,Красноярск,ru,-503
RU,AST,Красные Баррикады,ru,65813
RU,YAR,Красные Ткачи,ru,68837
RU,CU,Красные Четаи,ru,65013
RU,SMO,Красный,ru,95008
RU,LEN,Красный Бор,ru,65367
RU,ULY,Красный Гуляй,ru,64889
RU,ROS,Красный Кут,ru,68241
RU,STA,Красный Октябрь,ru,65961
RU,SAR,Красный Октябрь,ru,68243
RU,AD,Красный Пахарь,ru,63877
RU,ROS,Красный Сулин,ru,68059
RU,SAR,Красный Текстильщик,ru,64965
RU,BA,Красный Холм,ru,67463
RU,TVE,Красный Холм,ru,109866
RU,KYA,Красный Яр,ru,65815
RU,OMS,Красный Яр,ru,64585
RU,SAM,Красный Яр,ru,64921
RU,SAR,Красный Яр,ru,64973
KZ,AKM,Красный Яр,ru,65109
RU,ROS,Красюковская Слобода,ru,88263
RU,MOS,Кратово,ru,65409
RU,TUL,Крекшино,ru,67007
RU,KLU,Кременки,ru,102638
RU,CHE,Кременкуль,ru,68771
RU,NGR,Крестцы,ru,66015
RU,ALT,Крестьянка,ru,64491
RU,NGR,Кречевицы,ru,66017
RU,KDA,Кривенковское,ru,134094
RU,NVS,Криводановка,ru,64557
RU,LIP,Кривополянье,ru,122856
RU,TOM,Кривошеино,ru,68497
RU,BEL,Кривцово,ru,67009
RU,ROS,Кривянская Станица,ru,65563
RU,SVE,Криулино,ru,63897
RU,ULY,Криуши,ru,64903
RU,ORL,Кромы,ru,63739
RU,SPE,Кронштадт,ru,68175
RU,CHE,Кропачево,ru,69035
RU,KDA,Кропоткин,ru,66681
RU,SAM,Кротовка,ru,64931
RU,KO,Крошнозеро,ru,63985
RU,TA,Круглое Поле,ru,64311
RU,STA,Круглолесское,ru,65675
RU,OMS,Крутая Горка,ru,65619
RU,OMS,Крутинка,ru,67687
RU,KGN,Крутиха,ru,65887
RU,ORL,Круторожино,ru,67791
RU,KDA,Крыловская,ru,88265
RU,KDA,Крымск,ru,67621
RU,MOS,Крюково,ru,67011
RU,SAM,Кряж,ru,68117
RU,LEN,КС Портовая,ru,63893
RU,ORE,Кубанка,ru,64483
RU,MOS,Кубинка,ru,67013
RU,ORE,Кувандык,ru,67793
RU,TVE,Кувшиново,ru,114857
RU,CU,Кугеси,ru,68721
RU,STA,Кугульта,ru,65203
RU,IRK,Куда,ru,66349
RU,KDA,Кудепста,ru,68309
RU,MOS,Кудиново,ru,64009
RU,PER,Кудымкар,ru,67913
RU,PER,Куеда,ru,67465
RU,ME,Куженер,ru,65021
RU,TA,Кузайкино,ru,64859
RU,KEM,Кузедеево,ru,67573
RU,PNZ,Кузнецк,ru,-143794
RU,BEL,Кузнецовка,ru,127734
RU,NIZ,Кузнецово,ru,67015
RU,YAR,Кузнечиха,ru,65739
RU,LEN,Кузнечное,ru,65373
RU,ULY,Кузоватово,ru,68623
RU,TOM,Кузовлево,ru,65103
RU,VGG,Кузьмичи,ru,136225
RU,LEN,Кузьмоловский,ru,64147
RU,NVS,Куйбышев,ru,67653
RU,ALT,Куйбышево,ru,65249
RU,IRK,Куйтун,ru,103558
RU,TA,Кукмор,ru,66425
RU,PER,Кукуштан,ru,64789
RU,PER,Култаево,ru,63501
RU,IRK,Култук,ru,66351
RU,KIR,Кумены,ru,66587
RU,BA,Кумертау,ru,67745
RU,VGG,Кумылженская,ru,65173
RU,CHE,Кунашак,ru,64637
RU,PER,Кунгур,ru,67915
RU,CHE,Кундравы,ru,64625
RU,PSK,Кунья,ru,117000
RU,MOS,Купавна,ru,67017
RU,KGN,Курган,ru,-491
RU,KDA,Курганинск,ru,67429
RU,SVE,Курганово,ru,64647
RU,VLG,Курилово,ru,67019
RU,TA,Куркачи,ru,66427
RU,VLG,Куркино,ru,65537
RU,MOS,Куркино,ru,64925
RU,TUL,Куркино,ru,117793
RU,TOM,Курлек,ru,68499
RU,VLA,Курлово,ru,117652
RU,ORE,Курманаевка,ru,64777
RU,SVE,Куровское,ru,64037
RU,KLU,Куровской,ru,118002
RU,ZAB,Курорт-Дарасун,ru,173896
RU,STA,Курсавка,ru,67431
RU,KRS,Курск,ru,-459
RU,LEN,Курск,ru,64197
RU,STA,Курская,ru,65215
RU,KGN,Куртамыш,ru,66811
RU,SAM,Курумоч,ru,64231
KZ,VOS,Курчатов,ru,63913
RU,SVE,Курья,ru,65891
RU,CHE,Куса,ru,68773
RU,BA,Кутерем,ru,65519
RU,MOS,Кутузово,ru,63835
RU,IRK,Кутулик,ru,64417
RU,UD,Кухтино,ru,64331
RU,BEL,Кучугуры,ru,115802
RU,SVE,Кушва,ru,67535
RU,BA,Кушнаренково,ru,64693
RU,UD,Кушья,ru,66319
RU,KDA,Кущевская,ru,68061
RU,KRS,Кшенский,ru,63345
RU,KRS,Кшень,ru,63703
RU,BU,Кырен,ru,112368
RU,ALT,Кытманово,ru,65893
RU,CHE,Кыштым,ru,68775
RU,BU,Кяхта,ru,63957
RU,KDA,Лабинск,ru,63189
RU,KL,Лагань,ru,65199
RU,LEN,Лаголово,ru,116919
RU,KR,Ладва,ru,65757
RU,KR,Ладва-Ветка,ru,63989
RU,KDA,Ладожская,ru,65303
RU,KGD,Ладушкин,ru,66479
RU,MOS,Ладушкино,ru,122864
RU,KDA,Лазаревское,ru,68311
RU,TA,Лаишево,ru,66429
RU,VLA,Лакинск,ru,63143
RU,KHM,Лангепас,ru,68905
RU,MUR,Лапландия,ru,67327
RU,VGG,Лапшинская,ru,64927
RU,VOR,Латная,ru,65345
RU,KR,Лахденпохья,ru,68177
RU,LEN,Лахта,ru,64109
RU,LIP,Лебедянь,ru,63903
RU,KIR,Лебяжье,ru,66589
RU,KGN,Лебяжье,ru,66813
RU,LEN,Лебяжье,ru,65381
RU,LIP,Лев Толстой,ru,63927
RU,YAR,Левашово,ru,89624
RU,STA,Левокумское,ru,65963
RU,KOS,Лежнево,ru,93012
RU,KDA,Ленина,ru,112309
RU,MOS,Ленина,ru,67183
RU,ROS,Ленинаван,ru,65521
RU,KDA,Ленинградская,ru,68063
RU,MOS,Ленино,ru,69005
RU,PNZ,Ленино,ru,67857
KZ,VOS,Лениногорск,ru,67403
RU,PER,Ленинск,ru,65165
RU,KEM,Ленинск-Кузнецкий,ru,66537
RU,TYU,Ленинский,ru,112394
RU,KIR,Ленинское,ru,66591
RU,NVS,Ленинское,ru,65709
RU,LEN,Ленсоветовский,ru,64105
KZ,SEV,Леонидовка,ru,64981
RU,LEN,Лепсари,ru,64165
RU,STA,Лермонтов,ru,68001
RU,KHA,Лермонтовка,ru,111700
RU,KDA,Лермонтово,ru,67623
RU,LEN,Лесколово,ru,116897
RU,KEM,Лесная Поляна,ru,63535
RU,YAR,Лесная Поляна,ru,64397
RU,NIZ,Лесниково,ru,65641
RU,TYU,Лесное,ru,117142
RU,MOS,Лесной,ru,67021
RU,RYA,Лесной,ru,117692
RU,SVE,Лесной,ru,67537
RU,MOS,Лесной Городок,ru,67023
RU,MOS,Лесные Поляны,ru,67025
RU,LEN,Лесогорский,ru,116899
RU,PRI,Лесозаводск,ru,113557
RU,KYA,Лесосибирск,ru,66769
RU,MOS,Лесхоз,ru,65271
RU,KO,Летка,ru,68391
RU,MOS,Летний Отдых,ru,63467
RU,STA,Летняя Ставка,ru,65205
RU,MOS,Лешково,ru,67027
RU,ORL,Ливны,ru,66173
RU,MOS,Ликино-Дулево,ru,67029
RU,MOW,Ликова,ru,65503
RU,STA,Лиман,ru,65817
RU,NVS,Линево,ru,67655
RU,SAR,Линево,ru,64975
RU,CRI,Линейное,ru,65819
RU,LIP,Липецк,ru,-469
RU,VLG,Липин Бор,ru,66111
RU,MOS,Липки,ru,67031
RU,TUL,Липки,ru,105078
RU,SPE,Лисий Нос,ru,64127
RU,VOR,Лиски,ru,66175
RU,KEM,Листвяги,ru,64473
RU,RYA,Листвянка,ru,66353
RU,TVE,Лихославль,ru,106993
RU,MOS,ЛМС,ru,117698
KZ,SEV,Лобаново,ru,64785
RU,SVE,Лобва,ru,64683
RU,MOS,Лобня,ru,67033
RU,MUR,Ловозеро,ru,67331
RU,LEN,Лодейное Поле,ru,67951
RU,BEL,Локня,ru,65447
RU,BRY,Локоть,ru,101433
RU,SPE,Ломоносов,ru,68179
RU,KDA,Лоо,ru,68313
RU,MUR,Лопарская,ru,67333
RU,PNZ,Лопатино,ru,128170
RU,SAM,Лопатино,ru,68119
RU,KDA,Лосево,ru,66685
RU,VOR,Лосево,ru,63529
RU,MOS,Лосино-Петровский,ru,67035
RU,TOM,Лоскутово,ru,69039
RU,MOS,Лотошино,ru,65399
RU,KR,Лоухи,ru,67335
RU,MOS,Лохино,ru,69115
RU,LEN,Луга,ru,66019
KZ,ZHA,Луговое,ru,65713
RU,KHM,Луговской,ru,68573
RU,KIR,Луза,ru,68393
RU,OMS,Лузино,ru,67689
RU,TUL,Лукино,ru,63825
RU,NIZ,Лукоянов,ru,65097
RU,MOS,Лунево,ru,67037
RU,PNZ,Лунино,ru,67859
RU,LEN,Лупполово,ru,119765
RU,IVA,Лух,ru,93015
RU,MOS,Луховицы,ru,67039
RU,TOM,Лучанова,ru,68501
RU,PRI,Лучегорск,ru,69091
RU,MOS,Лучинское,ru,67041
RU,KEM,Лучшево,ru,111483
RU,SAR,Лысые Горы,ru,68245
RU,PER,Лысьва,ru,67917
RU,MOS,Лыткарино,ru,67043
RU,NGR,Лычково,ru,68883
RU,KDA,Львовский,ru,67045
RU,KRS,Льгов,ru,63915
RU,LEN,Любань,ru,64205
RU,MOS,Люберцы,ru,67047
RU,YAR,Любим,ru,63663
RU,OMS,Любинский,ru,64583
RU,BRY,Любохна,ru,101435
RU,MOS,Любучаны,ru,67049
RU,NGR,Любытино,ru,68885
RU,KLU,Людиново,ru,69141
RU,MOS,Люторецкое,ru,67051
RU,MO,Лямбирь,ru,67861
RU,KIR,Лянгасово,ru,64879
RU,KHM,Лянтор,ru,68925
RU,KR,Ляскеля,ru,116092
RU,AMU,Магдагачи,ru,172722
RU,MUR,Магнетиты,ru,67337
RU,CHE,Магнитка,ru,64639
RU,CHE,Магнитогорск,ru,-89229
RU,KDA,Магри,ru,68315
RU,ULY,Маза Верхняя,ru,89647
RU,ORE,Мазуровка,ru,64771
RU,AD,Майкоп,ru,63309
RU,AL,Майма,ru,64533
RU,KK,Майна,ru,68625
RU,BEL,Майский,ru,122466
RU,VLG,Майский,ru,65219
RU,KB,Майский,ru,68003
RU,PER,Майский,ru,106511
RU,SAK,Макаров,ru,144673
RU,TA,Макаровка,ru,68953
RU,KOS,Макарьев,ru,89586
RU,ZAB,Маккавеево,ru,173878
RU,KDA,Макопсе,ru,68317
RU,TVE,Максатиха,ru,109868
RU,IRK,Максимовщина,ru,66355
RU,KGN,Макушино,ru,66815
RU,MOS,Малаховка,ru,67053
RU,NIZ,Малахово,ru,64481
RU,NGR,Малая Вишера,ru,66021
RU,MOS,Малая Дубна,ru,65391
RU,UD,Малая Пурга,ru,66321
RU,PNZ,Малая Сердоба,ru,64993
RU,KO,Малая Слуда,ru,68395
RU,VLG,Малечкино,ru,65689
RU,MOS,Малино,ru,67055
RU,IRK,Малиновка,ru,67575
RU,KIR,Малмыж,ru,66431
RU,ORL,Малоархангельск,ru,63741
RU,LEN,Малое Верево,ru,64137
RU,LEN,Малое Карлино,ru,65629
RU,BA,Малояз,ru,64713
RU,KLU,Малоярославец,ru,63145
RU,MOS,Малые Вяземы,ru,67057
RU,LEN,Малые Колпаны,ru,63831
RU,YAR,Малые Соли,ru,68841
RU,SAR,Малый Узень,ru,64403
RU,SVE,Малышева,ru,66265
RU,TA,Мамадыш,ru,67405
RU,KDA,Мамедова Щель,ru,68319
RU,TA,Маметьево,ru,64861
RU,NVS,Мамоново,ru,66481
RU,MOS,Мамонтово,ru,65895
RU,IRK,Мамоны,ru,66357
RU,MOS,Мамыри,ru,67059
RU,AL,Манжерок,ru,64535
RU,KOS,Мантурово,ru,89588
RU,KRS,Мантурово,ru,63717
RU,TOM,Марга,ru,68503
RU,NGR,Марево,ru,66023
RU,ME,Мари-Турек,ru,65027
RU,KEM,Мариинск,ru,66539
RU,CU,Мариинский Посад,ru,68723
RU,CRI,Марково,ru,64399
RU,SAR,Маркс,ru,68247
RU,MOS,Мартемьяново,ru,67061
RU,MOS,Мартьяново,ru,69013
RU,NVS,Марусино,ru,65105
RU,MOW,Марушкино,ru,69021
RU,AST,Марфино,ru,65821
RU,MOS,Марфино,ru,119878
RU,KR,Марциальные Воды,ru,63867
RU,KRS,Маршала Жукова п.,ru,122470
RU,KDA,Марьино,ru,114250
RU,MOS,Марьино,ru,67063
RU,OMS,Марьяновка,ru,67691
RU,KDA,Марьянская,ru,65541
RU,BEL,Маслова Пристань,ru,63759
RU,MOS,Масловский,ru,65487
RU,NVS,Маслянино,ru,64569
RU,ROS,Матвеев Курган,ru,65243
RU,KGN,Матвеевка,ru,67747
RU,LEN,Матокса,ru,65561
RU,KR,Матросы,ru,63965
RU,MOS,Машково,ru,67065
RU,LEN,Мга,ru,64177
RU,BRY,Мглин,ru,101439
RU,IRK,Мегет,ru,64435
RU,KHM,Мегион,ru,68913
RU,CHE,Медведево,ru,121272
RU,KDA,Медведовская,ru,66687
RU,KR,Медвежьегорск,ru,67953
RU,MOS,Медвежьи Озера,ru,67067
RU,KRS,Медвенка,ru,63685
RU,ORE,Медногорск,ru,67795
RU,KC,Медногорский,ru,65231
RU,KLU,Медынь,ru,112388
RU,KEM,Междуреченск,ru,67577
RU,SAM,Междуреченск,ru,68441
RU,CRI,Междуречье,ru,88267
RU,CHE,Межевой,ru,64643
RU,TOM,Межениновка,ru,68505
RU,CHE,Межозерный,ru,95013
RU,MOS,Меленки,ru,102625
RU,BA,Мелеуз,ru,68675
RU,VLA,Мелехово,ru,117656
RU,KR,Мелиоративный,ru,88269
RU,LEN,Мельниково,ru,68507
RU,MOS,Менделеево,ru,67069
RU,PER,Менделеево,ru,64799
RU,TYU,Менделеево,ru,68897
RU,TA,Менделеевск,ru,67407
RU,TA,Мензелинск,ru,67409
RU,BA,Месягутово,ru,64729
RU,SPE,Металлострой,ru,68181
RU,KEM,Металлплощадка,ru,66541
RU,KGN,Мехонское,ru,66817
RU,MOS,Мечниково,ru,67071
RU,MOS,Мещерино,ru,69107
RU,KLU,Мещовск,ru,117813
RU,CHE,Миасс,ru,-119191
RU,CHE,Миасское,ru,68777
RU,KO,Микунь,ru,68397
RU,ROS,Миллерово,ru,68065
RU,RYA,Милославское,ru,117674
RU,MOS,Мильково,ru,68983
RU,ROS,Милютинская,ru,65283
RU,STA,Минеральные Воды,ru,63283
RU,KYA,Минусинск,ru,104648
RU,VLG,Минькино,ru,66113
RU,MUR,Минькино,ru,67339
RU,CHE,Миньяр,ru,64749
RU,ALT,Мирный,ru,63213
RU,KIR,Мирный,ru,63569
RU,SAM,Мирный,ru,68121
RU,ULY,Мирный,ru,64401
RU,MOS,Мисайлово,ru,146026
RU,KGN,Митино,ru,64047
RU,CRI,Митрофановка,ru,69011
RU,BEL,Михайлов,ru,63147
RU,PRI,Михайловка,ru,112339
RU,VGG,Михайловка,ru,66075
RU,IRK,Михайловка,ru,64443
RU,BA,Михайловка,ru,68677
RU,SVE,Михайловск,ru,66267
RU,STA,Михайловск,ru,68361
RU,MOS,Михайловская Слобода,ru,63801
RU,KGN,Михалево,ru,95015
RU,IVA,Михалково,ru,68945
RU,MOS,Михнево,ru,132511
RU,TAM,Мичуринск,ru,63285
RU,IRK,Мишелевка,ru,64437
RU,BA,Мишкино,ru,64707
RU,KGN,Мишкино,ru,66819
RU,MOS,Мишуково,ru,67341
RU,YAN,мкрн.Вынгапуровский,ru,63871
RU,ZAB,Могойтуй,ru,106959
RU,ZAB,Могоча,ru,111158
RU,TOM,Могочино,ru,68509
RU,MOS,Можайск,ru,67075
RU,UD,Можга,ru,66323
RU,SE,Моздок,ru,63247
RU,KEM,Мозжуха,ru,66543
RU,KGD,Мозырь,ru,65525
RU,SAR,Мокроус,ru,68249
RU,KGN,Мокроусово,ru,66821
RU,BA,Мокроусово,ru,65489
RU,PNZ,Мокшан,ru,67863
RU,KDA,Молдаванское,ru,65599
RU,KDA,Молдовка,ru,65223
RU,MOS,Молоди,ru,64891
RU,MOS,Молоково,ru,67077
RU,TVE,Молоково,ru,117144
RU,CRI,Молочное,ru,65499
RU,MUR,Молочный,ru,67343
RU,AMU,Молчаново,ru,68511
RU,SMO,Монастырщина,ru,117015
RU,SVE,Монетный,ru,68959
RU,TVE,Монино,ru,67079
RU,MUR,Мончегорск,ru,67345
RU,CU,Моргауши,ru,68725
RU,TAM,Мордово,ru,65571
RU,ME,Морки,ru,65031
RU,ROS,Морозовск,ru,66077
RU,TAM,Моршанск,ru,63905
RU,TOM,Моряковка,ru,68513
RU,KLU,Мосальск,ru,117988
RU,OMS,Москаленки,ru,67693
RU,MOW,Москва,ru,-446
RU,SPE,Московская Славянка,ru,119767
RU,TYU,Московский,ru,67081
RU,STA,Московское,ru,68363
RU,MOS,Мосрентген,ru,64015
RU,KDA,Мостовской,ru,67433
RU,MOS,Мотяково,ru,63597
RU,NGR,Мошенское,ru,66025
RU,NVS,Мошково,ru,67657
RU,BA,Мраково,ru,64733
RU,VLA,Мстёра,ru,117650
RU,KR,Муезерский,ru,67955
RU,NIZ,Мулино,ru,65539
RU,ULY,Мулловка,ru,68627
RU,AST,Мумра,ru,65823
RU,KEM,Мундыбаш,ru,67579
RU,YAN,Муравленко,ru,68937
RU,SAM,Муранка,ru,89653
RU,KIR,Мураши,ru,66593
RU,LEN,Мурино,ru,64103
RU,MUR,Мурманск,ru,-513
RU,MUR,Мурмаши,ru,67347
RU,BEL,Муром,ru,63575
RU,OMS,Муромцево,ru,67695
RU,KIR,Мурыгино,ru,64887
RU,CHE,Муслюмово,ru,67411
RU,SAM,Мусорка,ru,68443
RU,KHA,Мухен,ru,111702
RU,KDA,Мухортова Поляна,ru,68321
RU,BU,Мухоршибирь,ru,63935
RU,TAM,Мучкапский,ru,63453
RU,ORL,Мценск,ru,63671
RU,KEM,Мыски,ru,67581
RU,MOS,Мытищи,ru,67083
RU,YAR,Мышкин,ru,68843
RU,LEN,Мяглово,ru,119769
RU,VLG,Мякса,ru,65659
RU,TA,Набережные Моркваши,ru,66433
RU,TA,Набережные Челны,ru,-472
RU,NIZ,Навашино,ru,65093
RU,ORL,Навля,ru,63373
RU,IVA,Наволоки,ru,117200
RU,CHE,Нагайбакский,ru,95017
RU,TA,Нагорное,ru,64863
RU,MOS,Нагорное,ru,146312
RU,CHE,Нагорный,ru,68779
RU,YAR,Нагорный,ru,65741
RU,KIR,Нагорск,ru,66595
RU,KR,Надвоицы,ru,67957
RU,STA,Надежда,ru,68365
RU,YAN,Надым,ru,173344
RU,YAR,Назарово,ru,66771
RU,LEN,Назия,ru,65379
RU,OMS,Называевск,ru,67697
RU,ALT,Налобиха,ru,65897
RU,KB,Нальчик,ru,-486
RU,AST,Нариманов,ru,65825
RU,MOS,Наро-Фоминск,ru,67085
RU,PNZ,Наровчат,ru,64995
RU,KB,Нартан,ru,64515
RU,KB,Нарткала,ru,68005
KZ,ALM,Нарынкол,ru,134102
RU,ORL,Нарышкино,ru,63743
RU,NEN,Нарьян-Мар,ru,132983
RU,KDA,Натухаевская,ru,65321
RU,MOS,Нахабино,ru,67087
RU,YAN,Находка,ru,63415
RU,AST,Началово,ru,65827
RU,KDA,Неберджаевская,ru,65751
RU,KDA,Небуг,ru,68323
RU,PSK,Невель,ru,102433
RU,SAK,Невельск,ru,144659
RU,PNZ,Неверкино,ru,64999
RU,STA,Невинномысск,ru,-448
RU,SVE,Невьянск,ru,-139735
RU,ROS,Недвиговка,ru,65753
RU,KEM,Недорезово,ru,65473
KZ,SEV,Нежинка,ru,67749
RU,STA,Нежинский,ru,65111
RU,MOS,Некрасовка,ru,67089
RU,KHA,Некрасовка,ru,111706
RU,MOS,Некрасовский,ru,67091
RU,YAR,Некрасовское,ru,68847
RU,KOS,Нелидово,ru,102435
RU,TOM,Нелюбино,ru,68515
RU,KIR,Нема,ru,66597
RU,KGD,Неман,ru,66483
RU,MOS,Немчиновка,ru,67093
RU,MOS,Непецино,ru,65393
RU,KOS,Нерехта,ru,68849
RU,ZAB,Нерчинск,ru,112426
RU,ZAB,Нерчинский завод,ru,173890
RU,SA,Нерюнгри,ru,111154
RU,KGD,Нестеров,ru,66485
RU,SAM,Нефтегорск,ru,68123
RU,KDA,Нефтегорск,ru,114836
RU,BA,Нефтекамск,ru,-489
RU,STA,Нефтекумск,ru,65965
RU,KO,Нефтепечорск,ru,68399
RU,KHM,Нефтеюганск,ru,68909
RU,VGG,Нехаевская,ru,112366
RU,BEL,Нечаевка,ru,131461
RU,UD,Нечкино,ru,64843
RU,KOS,Нея,ru,112372
RU,KGD,Нивенское,ru,65735
RU,BA,Нижегородка,ru,64689
RU,KHM,Нижневартовск,ru,-111811
RU,VOR,Нижнедевицк,ru,66177
RU,SAM,Нижнее Санчелеево,ru,68445
RU,MOS,Нижнее Хорошово,ru,145143
RU,TA,Нижнекамск,ru,-500
RU,IRK,Нижнеудинск,ru,116935
RU,TA,Нижние Вязовые,ru,64873
RU,SVE,Нижние Серги,ru,64655
RU,KC,Нижний Архыз,ru,68007
RU,AST,Нижний Баскунчак,ru,66079
RU,KYA,Нижний Ингаш,ru,112374
RU,VOR,Нижний Кисляй,ru,122582
RU,PNZ,Нижний Ломов,ru,67865
RU,NIZ,Нижний Новгород,ru,-58740
RU,KO,Нижний Одес,ru,68401
RU,SVE,Нижний Тагил,ru,-504
RU,TA,Нижний Услон,ru,66435
RU,ZAB,Нижний Цасучей (Харгана),ru,173881
RU,KO,Нижний Чов,ru,63785
RU,VGG,Нижняя Добринка,ru,65459
RU,TA,Нижняя Мактама,ru,64855
RU,OMS,Нижняя Омска,ru,67699
RU,SVE,Нижняя Салда,ru,67541
RU,TYU,Нижняя Тавда,ru,68575
RU,SVE,Нижняя Тура,ru,-139737
RU,LEN,Нижняя Шальдиха,ru,64179
RU,LEN,Низино,ru,65363
RU,MUR,Никель,ru,67349
RU,MOS,Никифорово,ru,68967
RU,OMS,Николаевка,ru,65007
RU,BA,Николаевка,ru,68679
RU,KHA,Николаевка,ru,69097
RU,VGG,Николаевск,ru,65171
RU,BA,Николо-Березовка,ru,63889
RU,SVE,Николо-Павловское,ru,67545
RU,VLA,Никологоры,ru,117648
RU,VLG,Никольск,ru,88271
RU,PNZ,Никольск,ru,66115
RU,MOS,Никольско-Архангельское,ru,64035
RU,VGG,Никольское,ru,65829
RU,KOS,Никольское,ru,117194
RU,MOS,Никольское,ru,69129
RU,LEN,Никольское,ru,119771
RU,MOS,Никонорово,ru,63599
RU,KIR,Никульчино,ru,65061
RU,AD,Новая Адыгея,ru,64281
RU,KR,Новая Вилга,ru,65273
RU,VOR,Новая Жизнь,ru,65967
RU,TYU,Новая Заимка,ru,105131
RU,LEN,Новая Ладога,ru,64201
RU,TAM,Новая Ляда,ru,63439
RU,SVE,Новая Ляля,ru,67547
RU,ULY,Новая Майна,ru,64917
RU,ULY,Новая Малыкла,ru,68629
RU,VGG,Новая Надежда,ru,136709
RU,MOS,Новая Ольховка,ru,69075
RU,KGN,Новая Сидоровка,ru,63795
RU,BEL,Новая Таволжанка,ru,68965
RU,VOR,Новая Усмань,ru,66179
RU,KOS,Новинки,ru,132509
RU,ALT,Новичиха,ru,65899
RU,MOS,Ново-Переделкино,ru,63603
RU,KYA,Новоалександровка,ru,65671
RU,STA,Новоалександровск,ru,68367
RU,KDA,Новоалексеевское,ru,139243
RU,ALT,Новоалтайск,ru,65901
RU,VGG,Новоаннинский,ru,65175
RU,SVE,Новоасбест,ru,64667
RU,ROS,Новобатайск,ru,65759
RU,BA,Новобелокатай,ru,64739
RU,KYA,Новобирилюссы,ru,66775
RU,STA,Новоблагодарное,ru,68009
RU,AMU,Новобурейский,ru,112805
RU,OMS,Нововаршавка,ru,67701
RU,KDA,Нововеличковская,ru,68947
RU,VOR,Нововоронеж,ru,63307
RU,KIR,Нововятск,ru,65507
RU,CHE,Новогорный,ru,64619
RU,MOS,Новогорск,ru,64223
RU,TUL,Новогуровский,ru,117694
RU,ARK,Новодвинск,ru,63191
RU,SMO,Новодугино,ru,117017
RU,LEN,Новое Девяткино,ru,64101
RU,SAM,Новое Якушкино,ru,65461
RU,STA,Новоекатериновская,ru,65119
RU,TVE,Новозавидовский,ru,102690
RU,BRY,Новозыбков,ru,101443
RU,MOS,Новоивановское,ru,67095
RU,BA,Новокабаново,ru,67467
RU,AMU,Новокиевский Увал,ru,122852
RU,ZAB,Новокручининский,ru,173877
RU,KDA,Новокубанск,ru,67435
RU,KEM,Новокузнецк,ru,-506
RU,SAM,Новокуйбышевск,ru,68125
RU,TOM,Новокусково,ru,63789
RU,LEN,Новолисино,ru,64169
RU,KDA,Новоминская,ru,66689
RU,KDA,Новомихайловский,ru,66691
RU,RYA,Новомичуринск,ru,112378
RU,TUL,Новомосковск,ru,63149
RU,ROS,Новониколаевский,ru,65179
KZ,SEV,Новоникольское,ru,146021
RU,IRK,Новонукутский,ru,64419
RU,OMS,Новоомский,ru,64581
RU,ORE,Новоорск,ru,67797
RU,STA,Новопавловск,ru,68011
RU,MOS,Новопетровское,ru,63797
RU,MOS,Новоподрезково,ru,64017
RU,KDA,Новопокровская,ru,66695
RU,SAR,Новопушкинское,ru,115754
RU,PSK,Новоржев,ru,65443
RU,KDA,Новорождественская,ru,65683
RU,KDA,Новороссийск,ru,-450
RU,ORE,Новорудный,ru,67799
RU,LEN,Новосаратовка,ru,64087
RU,KEM,Новосафоновский,ru,123005
RU,STA,Новоселицкое,ru,65971
RU,MOS,Новоселки,ru,63873
RU,ORL,Новоселово,ru,66777
RU,PSK,Новоселье,ru,64081
RU,MOS,Новосельцево,ru,67097
RU,SAM,Новосемейкино,ru,68129
RU,LEN,Новосергиевка,ru,67751
RU,NVS,Новосибирск,ru,-461
RU,ORL,Новосиль,ru,63745
RU,CHE,Новосинеглазовский,ru,64609
RU,MOS,Новосиньково,ru,118696
RU,NIZ,Новосмолинский,ru,106991
RU,PSK,Новосокольники,ru,117002
RU,ULY,Новоспасское,ru,68631
RU,MOS,Новостройка,ru,67583
RU,IVA,Новоталицы,ru,95019
RU,KDA,Новотитаровская,ru,66697
RU,ORE,Новотроицк,ru,63267
RU,SAR,Новоузенск,ru,68251
RU,ULY,Новоульяновск,ru,68633
RU,SVE,Новоуральск,ru,66269
RU,OMS,Новоуральский,ru,65531
RU,AST,Новоурусовка,ru,65831
RU,SVE,Новоуткинск,ru,65195
RU,MOS,Новохаритоново,ru,67099
RU,VOR,Новохоперск,ru,66181
RU,VOR,Новохоперский,ru,122592
RU,CU,Новочебоксарск,ru,-121585
RU,ORE,Новочеркасск,ru,63311
RU,ROS,Новошахтинск,ru,68067
RU,PRI,Новошахтинский,ru,112352
RU,TA,Новошешминск,ru,64313
RU,SMO,Новые Батеки,ru,111384
RU,SAR,Новые Бурасы,ru,68253
RU,VLG,Новые Углы,ru,65693
RU,BA,Новые Черкассы,ru,65697
RU,UD,Новый,ru,128168
RU,MOS,Новый,ru,67101
RU,MOS,Новый Быт,ru,67103
RU,MOS,Новый Городок,ru,69105
RU,KEM,Новый Городок,ru,64469
RU,MOS,Новый Милет,ru,69045
RU,YAR,Новый Некоуз,ru,68851
RU,YAR,Некоуз,ru,68845
RU,BEL,Новый Оскол,ru,66183
RU,VGG,Новый Рогачик,ru,65187
RU,CRI,Новый Свет,ru,65069
RU,YAN,Новый Уренгой,ru,104910
RU,LEN,Новый Учхоз,ru,64175
RU,MOS,Ногинск,ru,67105
RU,SAK,Ноглики,ru,144665
RU,PER,Ножовка,ru,65275
RU,KIR,Нолинск,ru,66599
RU,KO,Ношуль,ru,68403
RU,YAN,Ноябрьск,ru,-149136
RU,BA,Нугуш,ru,63855
RU,TA,Нурлат,ru,68131
RU,BA,Нурлино,ru,68681
RU,LEN,Нурма,ru,116929
RU,UD,Нылга,ru,64847
RU,PER,Ныроб,ru,67919
RU,PER,Нытва,ru,67921
RU,VLG,Нюксеница,ru,66117
RU,KHM,Нягань,ru,102885
RU,CHE,Нязепетровск,ru,66271
RU,ARK,Няндома,ru,63219
RU,STA,Обильное,ru,65677
RU,ORE,Обильный,ru,64055
RU,ROS,Обливская,ru,65287
RU,YEV,Облучье,ru,113430
RU,KLU,Обнинск,ru,63151
RU,ARK,Обозерский,ru,65781
RU,MOS,Оболдино,ru,63625
RU,MOS,Оболенск,ru,65415
RU,KRS,Обоянь,ru,63693
RU,MOS,Обухово,ru,67107
RU,MOS,Общественник,ru,122866
RU,KO,Объячево,ru,68405
RU,NVS,Обь,ru,67659
RU,MOS,Огуднево,ru,63799
RU,OMS,Одесское,ru,95021
RU,MOS,Одинцово,ru,67109
RU,TUL,Одоев,ru,117795
RU,IRK,Оек,ru,66359
RU,MOS,Ожерелки,ru,63589
RU,MOS,Ожерелье,ru,64023
KZ,VOS,Озерки,ru,66487
RU,BEL,Озерный,ru,95023
RU,KGD,Озерск,ru,66489
RU,CHE,Озерск,ru,68781
RU,MOS,Озеры,ru,64041
RU,SAR,Озинки,ru,68255
RU,OMS,Оконешниково,ru,67703
RU,ARK,Оксовский,ru,121248
KZ,AKT,Октябрьск,ru,64253
RU,KDA,Октябрьская,ru,63667
RU,BEL,Октябрьский,ru,63749
RU,VGG,Октябрьский,ru,65167
RU,ARK,Октябрьский,ru,95025
RU,KDA,Октябрьский,ru,112311
RU,MOS,Октябрьский,ru,64251
RU,PER,Октябрьский,ru,112412
RU,KC,Октябрьский,ru,65213
RU,YAR,Октябрьский,ru,110743
RU,TA,Октябрьский,ru,115775
RU,ULY,Октябрьский,ru,64919
RU,ORE,Октябрьское,ru,67753
RU,CHE,Октябрьское,ru,64623
RU,NGR,Окуловка,ru,66027
RU,MUR,Оленегорск,ru,67351
RU,TVE,Оленино,ru,117146
RU,ZAB,Оловянная,ru,106989
RU,KR,Олонец,ru,67959
RU,IRK,Олонки,ru,66361
RU,IRK,Олха,ru,66363
RU,KDA,Ольгинка,ru,66699
RU,NVS,Ольгино,ru,64111
RU,ROS,Ольгинская,ru,65481
RU,KRS,Ольховатка,ru,66185
RU,VGG,Ольховка,ru,66081
RU,UD,Ольховка,ru,63803
RU,BEL,Ольшанка,ru,63465
RU,AST,Оля,ru,65833
RU,OMS,Омск,ru,-509
RU,TYU,Омутинское,ru,68577
RU,KIR,Омутнинск,ru,66601
RU,ARK,Онега,ru,63207
RU,BU,Онохой,ru,63939
RU,NIZ,Опалиха,ru,131463
RU,KIR,Опарино,ru,66603
RU,TYU,Опеновка,ru,68579
RU,PSK,Опочка,ru,65451
RU,AST,Оранжерейное пос.,ru,65835
RU,PER,Орда,ru,64803
RU,NVS,Ордынское,ru,64563
RU,PER,Орел,ru,-460
RU,ORE,Оренбург,ru,-471
RU,MOS,Орехово-Зуево,ru,67111
RU,KR,Орзега,ru,63411
RU,KIR,Оричи,ru,66605
RU,BEL,Орлов,ru,66607
RU,MOS,Орловка,ru,64933
RU,ALT,Орлово,ru,122590
RU,ZAB,Орловский,ru,65269
RU,ORE,Орск,ru,-499
RU,ME,Орша,ru,~102156
RU,ME,Оршанка,ru,65039
RU,IRK,Оса,ru,66365
RU,PER,Оса,ru,67923
RU,MOS,Осеево,ru,69059
RU,KEM,Осинники,ru,67585
RU,LEN,Осиновая Роща,ru,119773
RU,BEL,Осиновка,ru,103839
RU,TA,Осиново,ru,64521
RU,MOS,Останкино,ru,145149
RU,TVE,Осташков,ru,66029
RU,MOS,Остров,ru,69061
RU,PSK,Остров,ru,66031
RU,MOS,Островцы,ru,67113
RU,VOR,Острогожск,ru,66187
RU,KDA,Отрадная,ru,67437
RU,MOS,Отрадное,ru,120387
RU,LEN,Отрадное,ru,68183
RU,YAR,Отрадный,ru,68133
RU,KDA,Отрадо-Кубанское,ru,65207
RU,SAK,Оха,ru,144663
RU,PER,Оханск,ru,67925
RU,YAR,Охотино,ru,68853
RU,PER,Очер,ru,67927
RU,MOS,Павельцево,ru,67115
RU,MOS,Павлищево,ru,67117
RU,SMO,Павловка,ru,64913
RU,NIZ,Павлово,ru,67501
RU,LEN,Павлово,ru,65631
RU,ALT,Павловск,ru,65903
RU,VOR,Павловск,ru,66189
RU,LEN,Павловск,ru,64395
RU,KDA,Павловская,ru,66701
RU,MOS,Павловская слобода,ru,67119
RU,BEL,Павловский,ru,63435
RU,MOS,Павловский Посад,ru,67121
RU,OMS,Павлоградка,ru,67705
KZ,PAV,Павлодар,ru,~101099
RU,KR,Падозеро,ru,63967
RU,TYU,Падун,ru,103548
RU,KO,Пажга,ru,68995
RU,IVA,Палех,ru,93046
RU,KOS,Палкино,ru,65453
RU,VGG,Палласовка,ru,64979
RU,YAN,Пангоды,ru,173346
RU,MOS,Панино,ru,66191
RU,NGR,Панковка,ru,66033
RU,ALT,Панкрушиха,ru,65905
RU,VGG,Панфилово,ru,66119
RU,TOM,Парабель,ru,68517
RU,ME,Параньга,ru,65029
RU,SPE,Парголово,ru,64959
RU,PRI,Партизанск,ru,63431
RU,YEV,Партизанское,ru,66779
RU,KOS,Парфеньево,ru,117184
RU,NGR,Парфино,ru,68887
RU,KIR,Пасегово,ru,172113
RU,TYU,Патрушева,ru,65711
RU,PNZ,Пачелма,ru,67867
RU,LEN,Паша,ru,65633
RU,NVS,Пашино,ru,63523
RU,KC,пгт Домбай,ru,67419
RU,ME,пгт. Новый Торъял,ru,65033
RU,KR,Педасельга,ru,63977
RU,ME,Пемба,ru,63661
RU,PNZ,Пенза,ru,-451
RU,LEN,Пеники,ru,64139
RU,SAK,Первомайск,ru,65099
KZ,ALM,Первомайский,ru,68893
RU,TAM,Первомайский,ru,63443
RU,TUL,Первомайский,ru,114415
RU,CHE,Первомайский,ru,64615
RU,ALT,Первомайское,ru,65907
RU,MOW,Первомайское,ru,69153
RU,LEN,Первомайское,ru,116905
RU,SVE,Первоуральск,ru,-139747
RU,TYU,Перевалово,ru,68581
RU,SAM,Переволоки,ru,68447
RU,ORE,Переволоцкий,ru,64773
RU,MOS,Переделкино,ru,67123
RU,VOR,Перелешино,ru,122598
RU,VOR,Перелешинский,ru,122596
RU,SAR,Перелюб,ru,68135
RU,KLU,Перемышль,ru,117990
RU,KDA,Переправная,ru,114247
RU,MOS,Пересвет,ru,65411
RU,YAR,Переславль-Залесский,ru,63577
RU,KHA,Переяславка,ru,69083
RU,PER,Пермь,ru,-477
RU,SAR,Пески,ru,122600
RU,MOS,Пески,ru,63837
RU,KIR,Песковка,ru,122997
RU,YAR,Песочное,ru,64117
RU,BEL,Песочный,ru,65359
RU,MOS,Пестово,ru,65429
RU,SAM,Пестравка,ru,64939
RU,TA,Пестрецы,ru,66437
RU,IVA,Пестяки,ru,93018
RU,VGG,Песчанка,ru,65719
RU,BEL,Песчаное,ru,63463
RU,ROS,Песчанокопское,ru,65257
RU,TA,Песчаные Ковали,ru,66439
RU,SPE,Петергоф (Петродворец),ru,64119
RU,SAM,Петра Дубрава,ru,64215
RU,VGG,Петров Вал,ru,64977
RU,MOS,Петрово-Дальнее,ru,67125
RU,YAR,Петровск,ru,68257
RU,ZAB,Петровск-Забайкальский,ru,65767
RU,LIP,Петровское,ru,63445
RU,BA,Петровское,ru,63849
RU,YAR,Петровское,ru,117180
RU,KR,Петрозаводск,ru,-464
RU,VOR,Петропавловка,ru,122462
RU,BU,Петропавловка,ru,63955
KZ,SEV,Петропавловск,ru,~101101
RU,CHE,Петропавловский,ru,65535
RU,ALT,Петропавловское,ru,65909
RU,STA,Петропавловское,ru,65973
RU,KGN,Петухово,ru,66823
RU,SMO,Петушки,ru,63153
RU,MUR,Печенга,ru,67353
RU,SMO,Печерск,ru,117031
RU,SAM,Печерское,ru,68449
RU,PSK,Печоры,ru,65445
RU,MOS,Пешково,ru,68985
RU,IRK,Пивовариха,ru,66367
RU,KIR,Пижанка,ru,66609
RU,ME,Пижма,ru,122977
RU,LEN,Пикалево,ru,68185
RU,KR,Пиндуши,ru,67961
RU,PNZ,Пионер,ru,64455
RU,KHM,Пионерский,ru,66491
RU,KYA,Пировское,ru,66781
RU,MOS,Пирогово,ru,69003
RU,MOS,Пироговский,ru,65401
RU,IVA,Писцово,ru,68855
RU,SAR,Питерка,ru,68259
RU,KR,Питкяранта,ru,67963
RU,TAM,Пичаево,ru,63451
RU,TUL,Плавск,ru,63155
RU,CHE,Пласт,ru,68783
RU,KDA,Пластуновская,ru,69099
RU,KDA,Платнировская,ru,65681
RU,IVA,Плес,ru,89596
RU,ARK,Плесецк,ru,63211
RU,KEM,Плотниково,ru,64459
RU,NVS,Плотниково,ru,64559
RU,PSK,Плюсса,ru,65441
RU,KDA,Пляхо,ru,120721
RU,KGD,Поваровка,ru,63593
RU,MOS,Поварово,ru,67127
RU,SAM,Поволжский,ru,68451
RU,VOR,Поворино,ru,66193
RU,BRY,Погар,ru,101446
RU,YAR,Погорелка,ru,65665
RU,ZAB,Пограничный,ru,112333
RU,NGR,Подберезье,ru,66035
RU,VOR,Подгоренский,ru,66195
RU,CRI,Подгорное,ru,68519
RU,NGR,Поддорье,ru,66037
RU,SAR,Подлесное,ru,88275
RU,MOS,Подольск,ru,67129
RU,KIR,Подосиновец,ru,68407
RU,LEN,Подпорожье,ru,67965
RU,MOS,Подрезково,ru,67131
RU,MOS,Подсобного х-ва Минзаг,ru,69067
RU,SAM,Подстепки,ru,68453
RU,SAM,Подстепновка,ru,65727
RU,MOS,Поздняково,ru,67133
RU,KHM,Пойковский,ru,68929
RU,KHM,Покачи,ru,68927
RU,STA,Покойное,ru,65975
RU,IRK,Покосное,ru,127746
RU,VLA,Покров,ru,63157
RU,MOS,Покров,ru,64899
RU,PRI,Покровка,ru,112331
RU,ARK,Покровское,ru,65475
RU,SVE,Покровское,ru,67549
RU,ORL,Покровское,ru,63359
RU,ROS,Покровское,ru,65239
RU,PER,Полазна,ru,67929
RU,BEL,Полевой,ru,64761
RU,CU,Полевой Сундырь,ru,68727
RU,SVE,Полевской,ru,66275
RU,KGD,Полесск,ru,66493
RU,CHE,Полетаево,ru,64617
RU,KR,Половина,ru,63403
RU,NVS,Половинное,ru,66825
RU,KLU,Полотняный Завод,ru,114470
KZ,SEV,Полтавка,ru,67707
RU,KDA,Полтавская,ru,65309
RU,KEM,Полысаево,ru,66545
RU,MUR,Полярные Зори,ru,67355
RU,MUR,Полярный,ru,67357
RU,KO,Помоздино,ru,68409
RU,KOS,Поназырево,ru,117186
RU,AD,Понежукай,ru,66703
RU,ORE,Пономаревка,ru,64775
RU,SPE,Понтонный,ru,64093
RU,KRS,Поныри,ru,63719
RU,KDA,Попутная,ru,114231
RU,CU,Порецкое,ru,68729
RU,IRK,Порожский,ru,127736
RU,SAK,Поронайск,ru,144667
RU,KR,Поросозеро,ru,65067
RU,SVE,Порошино,ru,172115
RU,LEN,Порошкино,ru,64083
RU,KDA,Порт Кавказ,ru,139245
RU,PSK,Порхов,ru,65437
RU,ALT,Поспелиха,ru,65911
RU,NIZ,Постниково,ru,67135
RU,PRI,Посьет,ru,112321
RU,MO,Потьма,ru,122989
RU,SAM,Похвистнево,ru,68137
RU,BRY,Почеп,ru,101448
RU,MOS,Починки,ru,65129
RU,VLG,Починок,ru,95029
RU,YAR,Пошехонье,ru,68857
RU,AMU,Поярково,ru,112807
RU,MOS,Поярково,ru,114223
RU,KGD,Правдинск,ru,66495
RU,MOS,Правдинский,ru,67137
RU,KC,Правокубанский,ru,65217
RU,STA,Правокумское,ru,68961
RU,KDA,Прасковеевка,ru,67625
RU,STA,Прасковея,ru,65977
RU,KC,Преградная,ru,67439
RU,KHM,Предбазовая,ru,65769
RU,AD,Преображенское,ru,65979
RU,YAR,Пречистое,ru,68859
RU,YEV,Приамурский,ru,111698
RU,ZAB,Приаргунск,ru,173888
RU,KGD,Прибрежный,ru,134096
RU,SAM,Прибрежный,ru,64923
RU,CRI,Приветное,ru,64827
RU,ARK,Приводино,ru,66121
RU,IVA,Приволжск,ru,89579
RU,VGG,Приволжский,ru,65041
RU,SAM,Приволжье,ru,64943
RU,PNZ,Пригородное,ru,128176
RU,KDA,Пригородный,ru,145147
RU,ORE,Пригородный,ru,67755
RU,VOR,Придонской,ru,65637
RU,ZAB,Приисковый,ru,173883
RU,LEN,Приладожский,ru,116913
RU,ROS,Приморка,ru,63565
RU,KGD,Приморск,ru,66497
RU,LEN,Приморск,ru,64213
RU,PRI,Приморский,ru,118357
RU,SAM,Приморский,ru,68455
RU,KDA,Приморско-Ахтарск,ru,66705
KZ,KAR,Приозерск,ru,68187
RU,AD,Приречный,ru,67359
RU,KEM,Пристань 2-я,ru,63539
RU,BEL,Пристень,ru,63687
RU,KEM,Притомский,ru,67587
RU,BA,Приютово,ru,64751
RU,LEN,Проба,ru,64149
RU,MOS,Проводы,ru,63595
RU,KDA,Прогресс,ru,114227
RU,AMU,Прогресс,ru,112809
RU,KIR,Прокопьевка,ru,68411
RU,KEM,Прокопьевск,ru,-110307
RU,KDA,Пролетарий,ru,68889
RU,ROS,Пролетарск,ru,64517
RU,BEL,Пролетарский,ru,63761
RU,MOS,Пролетарский,ru,121258
RU,KEM,Промышленная,ru,66547
RU,RYA,Пронск,ru,117676
RU,SAM,Просвет,ru,64227
RU,KEM,Проскоково,ru,66549
RU,MOS,Протвино,ru,64043
RU,KDA,Прохладный,ru,68013
RU,BEL,Прохоровка,ru,63341
RU,KDA,Прочноокопская,ru,65209
RU,TUL,Прудное,ru,145155
RU,KR,Пряжа,ru,67967
RU,KRS,Прямицыно,ru,63701
RU,KDA,Псебай,ru,63895
RU,PSK,Псков,ru,-147798
RU,MOS,Птицефабрики пос.,ru,107034
RU,MOS,Птичное,ru,67139
RU,SAR,Пугачев,ru,68139
RU,KR,Пудож,ru,63869
RU,ARK,Пукса,ru,120735
RU,LEN,Пулково-1,ru,139241
RU,MUR,Пулозеро,ru,67361
RU,YAN,Пуровск,ru,173355
RU,YAN,Пурпе,ru,69053
RU,MOS,Пуршево,ru,63613
RU,KOS,Пустошка,ru,117004
RU,MOS,Путилково,ru,64263
RU,AMU,Путятино,ru,117678
RU,IVA,Пучеж,ru,93020
RU,MOW,Пучково,ru,67141
RU,SPE,Пушкин,ru,68189
RU,MOS,Пушкино,ru,67143
RU,SAR,Пушкино,ru,65063
RU,PSK,Пушкинские Горы,ru,64357
RU,NVS,Пушной,ru,67363
RU,MOS,Пущино,ru,67145
RU,KDA,Пшада,ru,65325
RU,NIZ,Пыра,ru,65601
RU,PSK,Пыталово,ru,65449
RU,KHM,Пыть-Ях,ru,68919
RU,SVE,Пышма,ru,66277
RU,STA,Пятигорск,ru,-479
RU,STA,Пятигорский,ru,68015
RU,VGG,Пятиморск,ru,118692
RU,BEL,Пятницкое,ru,122570
RU,ULY,Радищево,ru,64911
RU,KIR,Радужный,ru,64881
RU,MOS,Радужный,ru,63813
RU,KHM,Радужный,ru,68939
RU,KDA,Раевская,ru,67627
RU,BA,Раевский,ru,68683
RU,LEN,Разбегаево,ru,64167
RU,MOS,Развилка,ru,67147
RU,AMU,Раздольное,ru,63423
RU,LEN,Разметелево,ru,65635
RU,BEL,Разумное,ru,63335
RU,AMU,Райчихинск,ru,112811
RU,MOW,Ракитки,ru,68899
RU,BEL,Ракитное,ru,63757
RU,SAM,Рамено,ru,68457
RU,MOS,Раменское,ru,67149
RU,TVE,Рамешки,ru,114864
RU,VOR,Рамонь,ru,66197
RU,MOS,Раос,ru,101450
RU,SAR,Расково,ru,88277
RU,MOS,Рассказовка,ru,69103
RU,TAM,Рассказово,ru,63907
RU,MOW,Рассудово,ru,69119
RU,MOS,Растуново,ru,118698
RU,MOS,Ратмирово,ru,67151
RU,MOS,Рахманово,ru,119902
RU,LEN,Рахья,ru,116891
RU,ALT,Ребриха,ru,65913
RU,SVE,Ревда,ru,67365
RU,MUR,Ревда,ru,67365
RU,TVE,Редкино,ru,95033
RU,SVE,Реж,ru,66281
RU,MOS,Реммаш,ru,119904
RU,CRI,Репино,ru,65647
RU,BEL,Репьевка,ru,65335
RU,MOS,Реутов,ru,67155
RU,SVE,Рефтинский,ru,66283
RU,KIR,Рехино,ru,63817
RU,MOS,Речицы,ru,65763
RU,NIZ,Решетиха,ru,65051
RU,MOS,Решетниково,ru,118702
RU,MOS,Ржавки,ru,67157
RU,TAM,Ржакса,ru,101452
RU,TVE,Ржев,ru,63393
RU,BEL,Ровеньки,ru,63343
RU,CRI,Ровное,ru,68261
RU,MOS,Рогачево,ru,67159
RU,BRY,Рогнедино,ru,121270
RU,KDA,Роговская,ru,65305
RU,MOS,Рогозинино,ru,67161
RU,ALT,Родино,ru,64553
RU,ROS,Родионово-Несветайская,ru,65245
RU,IVA,Родники,ru,88279
RU,KGD,Родники,ru,117680
RU,MOS,Родники,ru,63161
RU,STA,Рождественская,ru,69049
RU,CHE,Роза,ru,68785
RU,OMS,Розовка,ru,95035
RU,SAR,Романовка,ru,64969
RU,LEN,Романовка,ru,64161
RU,ALT,Романово,ru,64509
RU,KGD,Романово,ru,65703
RU,ROS,Романовская,ru,65263
RU,VGG,Ромашки,ru,64195
RU,MO,Ромоданово,ru,67869
RU,LEN,Ропша,ru,68191
RU,KLU,Росва,ru,122007
RU,SMO,Рославль,ru,95037
RU,MUR,Росляково пгт,ru,67367
RU,ROS,Россошь,ru,-118146
RU,VLG,Ростилово,ru,65113
RU,YAR,Ростов,ru,63581
RU,ROS,Ростов-на-Дону,ru,-452
RU,OMS,Ростовка,ru,65615
RU,ORE,Ростоши,ru,69117
RU,KDA,Роте-Фане,ru,114233
RU,MOS,Рошаль,ru,67163
RU,LEN,Рощино,ru,64187
RU,CHE,Рощино,ru,68787
RU,SAR,Ртищево,ru,67871
RU,SAM,Рубежный,ru,104936
RU,MOW,Рублево,ru,64049
RU,ALT,Рубцовск,ru,65915
RU,BEL,Рудный,ru,102718
KZ,KUS,Рудный,ru,~101117
RU,KYA,Рудня,ru,65183
RU,SMO,Рудня,ru,95039
RU,MOS,Руза,ru,67165
KZ,SEV,Рузаевка,ru,67873
RU,MOS,Румянцево,ru,63533
RU,OMS,Русская Поляна,ru,67709
RU,TA,Русский Акташ,ru,64065
RU,PNZ,Русский Камешкир,ru,64991
RU,KIR,Русский Турек,ru,63787
RU,LEN,Русско-Высоцкое,ru,116921
RU,TOM,Рыбалово,ru,68521
RU,KGD,Рыбачий,ru,66499
RU,YAR,Рыбинск,ru,-109615
RU,TA,Рыбная Слобода,ru,66441
RU,KYA,Рыбное,ru,64451
RU,RYA,Рыбное,ru,63163
RU,MOW,Рыболово,ru,69151
RU,STA,Рыздвяный,ru,68369
RU,KRS,Рыльск,ru,63695
RU,IVA,Рябово,ru,116927
RU,RYA,Ряжск,ru,63165
RU,RYA,Рязань,ru,63315
RU,TA,с.Кузембетьево,ru,67401
RU,SAR,Сабуровка,ru,65075
RU,TA,Савалеево,ru,64865
RU,IVA,Савино,ru,93023
RU,PER,Савино,ru,69009
RU,ARK,Савинский,ru,63209
RU,BU,Саган-Нур,ru,147717
RU,VGG,Садовое,ru,112364
RU,VOR,Садовое,ru,63515
RU,CHE,Садовый,ru,63811
RU,VLG,Сазоново,ru,116098
RU,ORE,Сакмара,ru,67757
RU,BA,Салават,ru,-116164
RU,KEM,Салаир,ru,66551
RU,TYU,Салаирка,ru,64597
RU,MOW,Саларьево,ru,69043
RU,PNZ,Саловка,ru,95041
RU,MOS,Салтыковка,ru,67167
RU,ROS,Сальск,ru,68069
RU,SAM,Самара,ru,-481
KZ,VOS,Самарское,ru,68071
RU,ARK,Самодед,ru,121252
RU,BEL,Самойловка,ru,68263
RU,ORE,Самородово,ru,67759
RU,VGG,Самофаловка,ru,136703
RU,TOM,Самусь,ru,68523
RU,TVE,Сандово,ru,117148
RU,SPE,Санкт-Петербург,ru,-463
RU,KIR,Санчурск,ru,66611
RU,LEN,Саперное,ru,116925
RU,SPE,Саперный,ru,65365
RU,KRS,Сапогово,ru,63709
RU,RYA,Сапожок,ru,117682
RU,ULY,Сара,ru,64757
RU,RYA,Сараи,ru,112382
RU,ORE,Саракташ,ru,67761
RU,SVE,Сарана,ru,66285
RU,MO,Саранск,ru,-104279
RU,UD,Сарапул,ru,64389
RU,SAR,Саратов,ru,-502
RU,KDA,Саратовская,ru,66707
RU,OMS,Саргатское,ru,67711
RU,TA,Сарманово,ru,67413
RU,NIZ,Саров,ru,113605
RU,PER,Сарс,ru,64825
RU,KEM,Сары-Чумыш,ru,67589
RU,RYA,Сасово,ru,106513
RU,AST,Сасыколи,ru,65837
RU,TAM,Сатинка,ru,63455
RU,CHE,Сатка,ru,68789
RU,KGN,Сафакулево,ru,68791
RU,MUR,Сафоново,ru,67369
RU,SMO,Сафоново,ru,63167
RU,KYA,Саянск,ru,64427
RU,KYA,Саянский,ru,65587
RU,KEM,Свердловский,ru,66553
RU,MOS,Свердловский,ru,67169
RU,KGD,Светлогорск,ru,66501
RU,STA,Светлоград,ru,63329
RU,KGD,Светлый,ru,66503
RU,ORE,Светлый,ru,67801
RU,PER,Светлый,ru,63809
RU,TOM,Светлый,ru,64411
RU,ROS,Светлый Яр,ru,66083
RU,LEN,Светогорск,ru,64211
RU,KIR,Свеча,ru,66613
RU,IRK,Свирск,ru,64433
RU,LEN,Свирьстрой,ru,65649
RU,KDA,Свобода,ru,63711
RU,AMU,Свободный,ru,112780
RU,SVE,Свободный,ru,117696
RU,KR,Святозеро,ru,63987
RU,PSK,Себеж,ru,148076
RU,SEV,Севастополь,ru,~147579
RU,SVE,Северка,ru,63519
RU,MOS,Северная Трудовая,ru,67171
RU,STA,Северное,ru,64951
RU,NVS,Северное,ru,95044
RU,BEL,Северный,ru,95046
RU,MOS,Северный пгт,ru,68903
RU,MOS,Северово,ru,67173
RU,ARK,Северодвинск,ru,-58685
RU,MUR,Североморск,ru,67371
RU,ARK,Североонежск,ru,63215
RU,SVE,Североуральск,ru,67551
RU,TOM,Северск,ru,68525
RU,KDA,Северская,ru,66709
RU,BRY,Севск,ru,63379
RU,KEM,Севск,ru,111487
RU,KR,Сегежа,ru,67969
RU,OMS,Седельниково,ru,67713
RU,BU,Селенгинск,ru,63961
RU,STA,Селивановка,ru,65981
RU,UD,Селты,ru,66325
RU,LEN,Сельхозтехника,ru,63553
RU,MOS,Сельцо,ru,63387
RU,MOS,Селятино,ru,67175
KZ,VOS,Семей,ru,~95451
RU,MOS,Семеновское,ru,63471
RU,YAR,Семибратово,ru,68861
RU,ROS,Семикаракорск,ru,68073
RU,TOM,Семилужки,ru,68527
RU,VOR,Семилуки,ru,66201
RU,ULY,Сенгилей,ru,68635
RU,KDA,Сенной,ru,64967
RU,KHM,Сентябрьский,ru,105016
RU,VGG,Серафимович,ru,66085
RU,STA,Серафимовское,ru,65645
RU,MOS,Сергиев Посад,ru,67177
RU,SAM,Сергиевск,ru,68143
RU,KHM,Сергино,ru,64797
RU,PNZ,Сердобск,ru,67875
RU,BEL,Серебрянка,ru,64679
RU,MOS,Серебряные Пруды,ru,65413
RU,SA,Серебряный Бор,ru,111166
RU,KO,Серегово,ru,68413
RU,BEL,Середа,ru,68863
RU,PSK,Середка,ru,117008
RU,MOS,Серково,ru,69069
RU,CE,Серноводск,ru,64937
RU,ME,Сернур,ru,65025
RU,SVE,Серов,ru,63255
RU,MOS,Серпухов,ru,67179
RU,LEN,Сертолово,ru,68193
RU,AMU,Серышево,ru,112813
RU,SPE,Сестрорецк,ru,68195
RU,BA,Сибай,ru,67803
RU,KHM,Сибирский,ru,65917
RU,PRI,Сибирцево,ru,112348
RU,PER,Сива,ru,64809
RU,LEN,Сиверский,ru,64185
RU,UD,Сигаево,ru,64845
RU,ALT,Сидоровка,ru,64525
RU,ME,Силикатный,ru,64901
RU,CHE,Сим,ru,64627
KZ,AKM,Симферополь,ru,~147587
RU,LEN,Синявино,ru,64163
RU,MOS,Ситне-Щелканово,ru,63827
RU,PER,Скобелевка,ru,63631
RU,AMU,Сковородино,ru,111162
RU,RYA,Скопин,ru,63169
RU,MOS,Скоропусковский,ru,68991
RU,ALT,Славгород,ru,131019
RU,KGD,Славск,ru,66505
RU,BEL,Славянка,ru,112317
RU,KDA,Славянск-на-Кубани,ru,63323
RU,TYU,Сладково,ru,68583
RU,LEN,Сланцы,ru,68197
RU,ROS,Слобода Большая Мартыновка,ru,65259
RU,ROS,Слободской,ru,66615
RU,IRK,Слюдянка,ru,66369
RU,YEV,Смидович,ru,69089
RU,SAK,Смирных,ru,144671
RU,SMO,Смоленск,ru,-94539
RU,YAR,Смоленское,ru,65919
RU,IRK,Смоленщина,ru,66371
RU,CHE,Смолино,ru,65603
RU,PRI,Смоляниново,ru,112329
RU,SAM,Смышляевка,ru,68145
RU,MOS,Снегири,ru,67181
RU,CHE,Снежинск,ru,66287
RU,MUR,Снежногорск,ru,67373
RU,VLA,Собинка,ru,102437
RU,ROS,Советка,ru,90224
RU,KGD,Советск,ru,149790
RU,KIR,Советск,ru,66617
RU,TUL,Советск,ru,117803
RU,KDA,Советская,ru,109070
RU,VGG,Советская,ru,65285
RU,KHA,Советская Гавань,ru,113568
RU,BA,Советский,ru,65023
RU,LEN,Советский,ru,65377
RU,ALT,Советское,ru,65921
RU,SAR,Советское,ru,115762
RU,KDA,Совхозный,ru,88281
RU,VLG,Сокол,ru,66123
RU,BU,Сокол,ru,63949
RU,MOW,Соколово,ru,139247
RU,SAR,Соколовый,ru,64963
RU,NVS,Сокур,ru,64561
RU,ULY,Солдатская Ташла,ru,68637
RU,KOS,Солигалич,ru,89592
RU,PER,Соликамск,ru,63273
RU,MOS,Солнечногорск,ru,67185
RU,STA,Солнечнодольск,ru,68371
RU,SPE,Солнечное,ru,65651
RU,VOR,Солнечный,ru,63771
RU,KYA,Солнечный,ru,64447
RU,KRS,Солнцево,ru,63721
RU,MOS,Солнцево,ru,67187
RU,ZAB,Соловьевск,ru,173885
RU,ALT,Солонешное,ru,65923
RU,KDA,Солоники,ru,68325
RU,KYA,Солонцы,ru,64829
RU,ALT,Солтон,ru,65925
RU,STA,Солуно-Дмитриевское,ru,65639
RU,ORE,Соль-Илецк,ru,67763
RU,ARK,Сольвычегодск,ru,66125
RU,NGR,Сольцы,ru,66039
RU,TVE,Сонково,ru,109860
RU,PNZ,Сорокино,ru,64543
RU,ORE,Сорочинск,ru,67765
RU,TA,Сорочьи Горы,ru,66443
RU,KR,Сортавала,ru,67971
RU,MOS,Сосенки,ru,67189
RU,ORL,Сосково,ru,63361
RU,TA,Сосновка,ru,122993
RU,PNZ,Сосновка,ru,65529
RU,TAM,Сосновка,ru,112420
RU,CU,Сосновка,ru,68731
RU,LEN,Сосново,ru,64191
RU,BU,Сосново-Озерское,ru,63947
RU,KYA,Сосновоборск,ru,66783
RU,PNZ,Сосновоборск,ru,65001
RU,TUL,Сосновый,ru,115781
RU,SVE,Сосновый Бор,ru,68199
RU,KO,Сосногорск,ru,68415
RU,BU,Сотниково,ru,67191
RU,STA,Сотниковское,ru,65983
RU,MOS,Софрино,ru,67193
RU,MOS,Софьино,ru,145151
RU,KDA,Сочи,ru,-508
RU,KLU,Спас-Деменск,ru,112360
RU,MOS,Спас-Заулок,ru,65395
RU,RYA,Спас-Клепики,ru,112390
RU,VLG,Спас-Ямщики,ru,66127
RU,KEM,Спасск,ru,67591
RU,PNZ,Спасск,ru,68957
RU,PRI,Спасск-Дальний,ru,63427
RU,RYA,Спасск-Рязанский,ru,112392
RU,KR,Спасская Губа,ru,63983
RU,SAM,Спиридоновка,ru,65729
RU,MOS,Спирово,ru,117150
RU,KEM,Спиченково,ru,128164
RU,KDA,Спокойная,ru,63527
RU,SVE,Среднеуральск,ru,66289
RU,IRK,Средний,ru,64439
RU,AST,Средний Баскунчак,ru,65839
RU,VOR,Средний Икорец,ru,122586
RU,VGG,Средняя Ахтуба,ru,65163
RU,PNZ,Средняя Елюзань,ru,128172
RU,ZAB,Сретенск,ru,173894
RU,ALT,Сростки,ru,64545
RU,SMO,Стабна,ru,111386
RU,VLA,Ставрово,ru,117664
RU,STA,Ставрополь,ru,-456
RU,STA,станица Александрийская,ru,63555
RU,STA,станица Боргустанская,ru,67991
RU,KC,станица Исправная,ru,67423
RU,KDA,Станица Новомышастовская,ru,66693
RU,STA,станица Старопавловская,ru,63513
RU,KC,станица Сторожевая,ru,67441
RU,LIP,Становая,ru,63929
RU,LEN,Старая,ru,64953
RU,IVA,Старая Вичуга,ru,117198
RU,ULY,Старая Кулатка,ru,65009
RU,MOS,Старая Купавна,ru,67195
RU,ULY,Старая Майна,ru,68639
RU,VGG,Старая Полтавка,ru,117998
RU,NGR,Старая Русса,ru,66041
RU,ROS,Старая Станица,ru,63507
RU,TVE,Старица,ru,112231
RU,ORE,Старица,ru,64769
RU,SPE,Старо-Паново,ru,64839
RU,BA,Старобалтачево,ru,64725
RU,KDA,Старовеличковская станица,ru,63649
RU,MOS,Стародуб,ru,101458
RU,STA,Стародубское,ru,65985
RU,TA,Старое Дрожжаное,ru,68641
RU,NGR,Старое Рахино,ru,65515
RU,MO,Старое Шайгово,ru,112414
RU,RYA,Старожилово,ru,117684
RU,KDA,Старокорсунская станица,ru,66711
RU,STA,Старомарьевка,ru,65467
RU,KDA,Староминская,ru,68075
RU,KDA,Старомышастовская,ru,63647
RU,KDA,Старонижестеблиевская,ru,63461
RU,KEM,Старопестерево,ru,123003
RU,KDA,Старотитаровская,ru,65329
RU,ROS,Старочеркасская,ru,69047
RU,KDA,Старощербиновская,ru,68077
RU,TAM,Староюрьево,ru,63447
RU,MOS,Старый Городок п.,ru,119886
RU,BEL,Старый Оскол,ru,-103313
RU,BRY,Старь,ru,101460
RU,IRK,Стениха,ru,127740
RU,MOS,Степаново,ru,65485
RU,CHE,Степное,ru,64621
RU,SAR,Степное,ru,68265
RU,ORE,Степной,ru,136707
RU,BA,Стерлибашево,ru,64747
RU,BA,Стерлитамак,ru,-495
RU,TA,Столбище,ru,66445
RU,MOS,Столбовая,ru,65421
RU,SAR,Сторожевка,ru,68267
RU,TOM,Стрежевой,ru,68949
RU,VOR,Стрелица,ru,122602
RU,KDA,Стрелка,ru,64381
RU,SPE,Стрельна,ru,64115
RU,TAM,Стрельцы,ru,95052
RU,KIR,Стрижи,ru,122999
RU,BEL,Строитель,ru,63765
RU,TAM,Строитель,ru,63441
RU,SAM,Стройкерамика,ru,68147
RU,MOS,Стромынь,ru,119882
RU,PSK,Струги Красные,ru,65439
RU,VLA,Струнино,ru,117288
RU,TUL,Стуколово,ru,106951
RU,VOR,Ступино,ru,67197
RU,TUL,Суворов,ru,69135
RU,VGG,Суворовская,ru,68017
RU,VLG,Суда,ru,65661
RU,CRI,Судак,ru,~147589
RU,KRS,Суджа,ru,63673
RU,KOS,Судиславль,ru,89581
RU,YAR,Судоверфь,ru,110846
RU,VLA,Судогда,ru,63173
RU,VLA,Суздаль,ru,93006
RU,BRY,Суземка,ru,63381
RU,NVS,Сузун,ru,64571
RU,KR,Суйсарь,ru,63973
RU,KDA,Сукко,ru,67629
RU,PER,Суксун,ru,67931
RU,KIR,Суна,ru,66619
RU,LEN,Суоранда,ru,65357
RU,KR,Суоярви,ru,67973
RU,BRY,Сураж,ru,101464
RU,KHM,Сургут,ru,-512
RU,SAM,Суринск,ru,89659
RU,CHE,Сурменевский,ru,95054
RU,NIZ,Суроватиха,ru,122975
RU,VGG,Суровикино,ru,66087
RU,PNZ,Сурск,ru,67877
RU,ULY,Сурское,ru,68643
RU,KHA,Сусанино,ru,89594
RU,ME,Суслонгер,ru,65037
RU,MOS,Сухарево,ru,67199
RU,KLU,Сухиничи,ru,69139
RU,KYA,Сухобузимское,ru,64449
RU,ULY,Суходол,ru,64935
RU,BEL,Сухой Лог,ru,-139751
RU,MOS,Сходня,ru,67201
RU,SAM,Сызрань,ru,-62245
RU,KO,Сыктывкар,ru,-474
RU,SVE,Сылва,ru,110769
RU,MOS,Сынково,ru,105133
RU,SVE,Сысерть,ru,66293
RU,AMU,Сычевка,ru,106355
RU,UD,Сюмси,ru,66327
RU,NIZ,Сява,ru,122981
RU,VLG,Сямжа,ru,66129
RU,KR,Сямозеро,ru,64407
RU,LEN,Сярьги,ru,64159
RU,LEN,Сясьстрой,ru,64203
RU,PER,Таборы,ru,64601
RU,SVE,Таватуй,ru,65553
RU,SVE,Тавда,ru,68585
RU,OMS,Таврическое,ru,67715
RU,BEL,Таврово,ru,122566
RU,ULY,Тагай,ru,64907
RU,ROS,Таганрог,ru,-60573
RU,MUR,Тайбола,ru,67375
RU,KEM,Тайга,ru,66555
RU,KEM,Тайжина,ru,67593
RU,IRK,Тайтурка,ru,64441
RU,LEN,Тайцы,ru,64153
RU,IRK,Тайшет,ru,116939
RU,ARK,Талаги,ru,64537
RU,AMU,Талакан,ru,122850
KZ,ALM,Талгар,ru,122138
RU,MOS,Талдом,ru,67203
KZ,ALM,Талдыкорган,ru,122140
KZ,VOS,Талица,ru,68587
RU,VLG,Талицы,ru,66131
RU,IVA,Талицы,ru,117202
RU,MOS,Талицы,ru,64505
RU,VOR,Таловая,ru,66203
RU,KEM,Тальжино,ru,67595
RU,ALT,Тальменка,ru,65927
RU,PNZ,Тамала,ru,67879
RU,KDA,Тамань,ru,67631
RU,TAM,Тамбов,ru,-468
RU,AST,Тамбовка,ru,65841
RU,AMU,Тамбовка,ru,112815
RU,ZAB,Танга,ru,106979
RU,OMS,Тара,ru,67717
RU,TYU,Тараскуль,ru,64595
RU,CHE,Тарасовка,ru,63793
RU,ROS,Тарасовский,ru,65261
RU,BU,Тарбагатай,ru,63933
RU,YAN,Тарко-Сале,ru,173351
RU,IRK,Тарма,ru,127742
RU,KLU,Таруса,ru,63841
RU,NVS,Татарск,ru,67719
RU,SAR,Татищево,ru,68269
RU,AD,Тахтамукай,ru,65315
RU,ROS,Тацинская,ru,65267
RU,BA,Ташкиново,ru,63783
RU,ORE,Ташла,ru,67767
RU,SAM,Ташла,ru,68459
RU,KEM,Таштагол,ru,67597
RU,KDA,Тбилисская,ru,66713
RU,KDA,Тверская,ru,65301
RU,TVE,Тверь,ru,63317
RU,KC,Теберда,ru,67443
RU,OMS,Тевриз,ru,67721
RU,TOM,Тегульдет,ru,68529
RU,IVA,Тейково,ru,93025
KZ,AKM,Тельмана,ru,116931
KZ,KAR,Темиртау,ru,~101104
RU,SMO,Темкино,ru,117019
RU,MO,Темников,ru,65003
RU,KDA,Темрюк,ru,63265
RU,KDA,Тенгинка,ru,115779
RU,MO,Теньгушево,ru,122987
RU,BEL,Теплое,ru,112410
RU,YEV,Теплоозерск,ru,111696
RU,LIP,Тербуны,ru,65581
RU,LEN,Терволово,ru,119775
RU,KB,Терек,ru,68019
RU,ORE,Теренсай,ru,64759
RU,KEM,Терентьевское,ru,111475
RU,ULY,Тереньга,ru,68645
RU,BEL,Терновка,ru,66205
RU,KRS,Теткино,ru,63707
RU,TA,Тетюши,ru,68647
RU,KDA,Теучежск,ru,66715
RU,CHE,Теченский,ru,63497
RU,KRS,Тим,ru,63689
RU,SAM,Тимашево,ru,65491
RU,KDA,Тимашевск,ru,63325
RU,TOM,Тимирязевское,ru,64413
RU,AST,Тинаки,ru,65483
RU,KEM,Тисуль,ru,112370
RU,LEN,Тихвин,ru,68201
RU,KDA,Тихоновка,ru,114842
RU,KDA,Тихорецк,ru,63327
RU,MOS,Тишково,ru,65843
RU,AD,Тлюстенхабль,ru,112313
RU,TYU,Тобольск,ru,63287
RU,KLU,Товарково,ru,102634
RU,TUL,Товарковский,ru,117797
RU,ALT,Тогул,ru,65929
RU,NVS,Тогучин,ru,64565
KZ,KAR,Токаревка,ru,65583
RU,CRI,Токарево,ru,67205
RU,LEN,Токсово,ru,68203
RU,BA,Толбазы,ru,64697
RU,LEN,Толмачево,ru,116923
RU,NVS,Толмачево,ru,63477
RU,STA,Толстово-Васюковское,ru,65987
RU,MOW,Толстопальцево,ru,67207
RU,SAM,Тольятти,ru,-475
RU,SAK,Томари,ru,144681
RU,BEL,Томаровка,ru,63751
RU,MOS,Томилино,ru,67209
RU,KR,Томицы,ru,64405
RU,SA,Томмот,ru,111172
RU,TOM,Томск,ru,-490
RU,STA,Томузловское,ru,65989
RU,NIZ,Тонкино,ru,122862
RU,NIZ,Тоншаево,ru,65137
RU,VLG,Тоншалово,ru,65543
RU,ORL,Топки,ru,66557
RU,ALT,Топчиха,ru,65931
RU,MOS,Торбеево,ru,88283
RU,MO,Торбеево,ru,67211
RU,TVE,Торжок,ru,69147
RU,TVE,Торопец,ru,111394
RU,LEN,Тосно,ru,68205
RU,VLG,Тотьма,ru,66135
RU,ORE,Тоцкое,ru,67769
RU,PNZ,Трескино,ru,67881
RU,MOS,Трехгорка,ru,67213
RU,CHE,Трехгорный,ru,68687
RU,MUR,Три Ручья,ru,63807
RU,RYA,Троица,ru,65511
RU,MOS,Троицк,ru,67215
RU,CHE,Троицк,ru,68793
RU,BEL,Троицкий,ru,122574
RU,TYU,Троицкий,ru,63567
RU,KO,Троицко-Печерск,ru,68417
RU,ALT,Троицкое,ru,65933
RU,MOS,Троицкое,ru,121262
RU,STA,Троицкое,ru,63645
RU,KHA,Троицкое,ru,69081
RU,MOS,Тропарево,ru,120391
RU,ORL,Тросна,ru,63363
RU,SVE,Трошково,ru,69121
RU,MOS,Трубино,ru,69023
RU,NGR,Трубичино,ru,66043
RU,BRY,Трубчевск,ru,63391
RU,KDA,Трудобеликовский,ru,65749
KZ,SEV,Трудовое,ru,101471
RU,AST,Трудфронт,ru,65847
RU,AST,Трусово,ru,65849
RU,KDA,Туапсе,ru,-107258
RU,SVE,Тугулым,ru,68589
RU,KIR,Тужа,ru,66621
RU,BA,Туймазы,ru,68689
RU,TUL,Тула,ru,-144716
RU,MUR,Тулома,ru,67377
RU,IRK,Тулун,ru,103540
RU,AD,Тульский,ru,66717
RU,RYA,Тума,ru,117690
RU,AST,Тумак,ru,65851
RU,YAR,Туношна,ru,68865
RU,MOS,Тураево,ru,67219
RU,CRI,Тургенево,ru,67883
RU,SVE,Туринск,ru,68591
RU,TYU,Туринская-Слобода,ru,64599
RU,SAR,Турки,ru,68271
RU,VLG,Туровец,ru,66137
RU,TYU,Туртас,ru,68593
RU,TOM,Турунтаево,ru,63959
RU,YAR,Тутаев,ru,63583
RU,MOS,Тучково,ru,67221
RU,SAK,Тымовское,ru,144675
RU,AMU,Тында,ru,111156
RU,KB,Тырныауз,ru,68021
RU,CHE,Тюбук,ru,64629
RU,OMS,Тюкалинск,ru,67723
RU,ORE,Тюльган,ru,67771
RU,TA,Тюлячи,ru,66447
RU,ALT,Тюменцево,ru,65935
RU,IRK,Тюмень,ru,-482
RU,KYA,Тюхтет,ru,66785
RU,KEM,Тяжинский,ru,66559
RU,SPE,Тярлево,ru,64113
RU,NVS,Убинское,ru,67661
RU,UD,Ува,ru,66329
RU,MOS,Уваровка,ru,119874
RU,TAM,Уварово,ru,63909
RU,CHE,Увельский,ru,68795
RU,SAK,Углегорск,ru,144677
RU,PRI,Углекаменск,ru,111708
RU,PER,Углеуральский,ru,64821
RU,YAR,Углич,ru,68867
RU,NGR,Угловка,ru,68873
RU,LEN,Углово,ru,69029
RU,PRI,Угловое,ru,63417
RU,VOR,Углянец,ru,63635
RU,SMO,Угра,ru,112416
RU,SVE,Ударник,ru,64057
RU,MOS,Удельная,ru,64027
RU,KDA,Удобная,ru,114239
RU,TVE,Удомля,ru,66045
RU,ARK,Уемский,ru,64833
RU,KR,Ужесельга,ru,63399
RU,NIZ,Ужовка,ru,67509
RU,KYA,Ужур,ru,66787
RU,TUL,Узловая,ru,117294
RU,SAM,Узюково,ru,68461
RU,PER,Уинское,ru,64811
RU,CHE,Уйское,ru,68797
RU,KGN,Уксянское,ru,65597
RU,BU,Улан-Удэ,ru,-497
RU,ZAB,Улеты,ru,106977
RU,BA,Улу-Теляк,ru,69037
RU,KEM,Улус-Мозжуха,ru,63537
RU,KHM,Ульт-Ягун,ru,68907
RU,TA,Ульяновка,ru,65383
RU,NIZ,Ульяново,ru,117992
RU,ULY,Ульяновск,ru,-453
RU,TAM,Умет,ru,67885
RU,ULY,Ундоры,ru,68649
RU,BRY,Унеча,ru,101474
RU,KIR,Уни,ru,66623
RU,TYU,Упорово,ru,68595
RU,MUR,Ура-Губа,ru,67379
RU,BEL,Уразово,ru,122568
RU,SVE,Уралец,ru,64673
KZ,ZAP,Уральск,ru,~101113
RU,UD,Уральский,ru,64823
RU,KB,Урвань,ru,68023
RU,YAN,Уренгой,ru,173342
RU,KIR,Уржум,ru,66625
RU,IRK,Урик,ru,66373
RU,CU,Урмары,ru,68733
RU,UD,Уром,ru,111682
RU,TA,Урсала,ru,64867
RU,TA,Уруссу,ru,64315
RU,VLA,Уршельский,ru,117654
RU,VGG,Урюпинск,ru,66207
RU,MOS,Усады,ru,65457
RU,PSK,Усвяты,ru,117006
RU,LIP,Усмань,ru,66209
RU,MOS,Усово,ru,68943
RU,PER,Усолье,ru,88285
RU,SAM,Усолье,ru,68149
RU,IRK,Усолье-Сибирское,ru,66375
RU,KDA,Успенская,ru,65555
RU,ORL,Успенское,ru,67445
RU,PRI,Уссурийск,ru,63425
RU,KK,Усть-Абакан,ru,131011
RU,BU,Усть-Брянь,ru,122144
RU,ARK,Усть-Вага,ru,65783
RU,KC,Усть-Джегута,ru,67447
RU,ROS,Усть-Донецкий,ru,65253
RU,OMS,Усть-Заостровка,ru,64915
RU,SPE,Усть-Ижора,ru,65557
RU,IRK,Усть-Илимск,ru,103542
RU,OMS,Усть-Ишим,ru,67725
RU,KEM,Усть-Кабырза,ru,67599
RU,ALT,Усть-Калманка,ru,65937
KZ,VOS,Усть-Каменогорск,ru,~101087
RU,CHE,Усть-Катав,ru,68691
RU,PER,Усть-Качка,ru,64791
RU,SAM,Усть-Кинельский,ru,64217
RU,PER,Усть-Кишерть,ru,64801
RU,IRK,Усть-Куда,ru,66377
RU,KO,Усть-Кулом,ru,68419
RU,SAR,Усть-Курдюм,ru,68273
RU,IRK,Усть-Кут,ru,103556
RU,KDA,Усть-Лабинск,ru,66719
RU,LEN,Усть-Луга,ru,65653
RU,KO,Усть-Нем,ru,68421
RU,IRK,Усть-Ордынский,ru,66379
RU,NVS,Усть-Тарка,ru,64589
RU,IRK,Усть-Уда,ru,64423
RU,SVE,Усть-Утка,ru,64681
RU,ALT,Усть-Чарышская Пристань,ru,65939
RU,VOR,Устье,ru,88287
RU,VLG,Устюжна,ru,68819
RU,SAM,Утевка,ru,64233
RU,TYU,Утешево,ru,68597
RU,BA,Уфа,ru,-454
RU,RYA,Ухолово,ru,117686
RU,KO,Ухта,ru,68423
RU,BA,Учалы,ru,68799
RU,KC,Учкекен,ru,68025
RU,LEN,Ушаки,ru,65505
RU,KR,Уя,ru,63409
RU,KYA,Уяр,ru,66789
RU,KIR,Фаленки,ru,66627
RU,KRS,Фатеж,ru,63705
RU,BA,Федоровка,ru,64719
RU,CHE,Федоровка,ru,68801
RU,KDA,Федоровский,ru,114237
RU,SAM,Федоровский,ru,68917
RU,VLA,Федоровское,ru,119777
RU,VLG,Федотово,ru,116096
RU,MOS,Федурново,ru,67223
RU,CRI,Феодосия,ru,~147591
RU,KLU,Ферзиково,ru,117994
RU,MOS,Ферма,ru,114404
RU,CHE,Фершампенуаз,ru,68803
RU,TVE,Фирово,ru,117152
RU,PRI,Фокино,ru,63419
RU,BRY,Фокино,ru,63383
RU,YAR,Фоминское,ru,95063
RU,LEN,Форносово,ru,65369
RU,LEN,Фосфорит,ru,88289
RU,RYA,Фролово,ru,66089
RU,MOS,Фрязево,ru,67225
RU,MOS,Фрязино,ru,95065
RU,MOS,Фряново,ru,67229
RU,IVA,Фурманов,ru,68869
RU,KHA,Хабаровск,ru,-514
RU,ALT,Хабары,ru,112404
RU,KC,Хабез,ru,65227
RU,KDA,Хадыженск,ru,66721
RU,AD,Хакуринохабль,ru,65317
RU,AD,Ханская,ru,68955
RU,KHM,Ханты-Мансийск,ru,68931
RU,YAN,Ханымей,ru,68935
RU,AST,Харабали,ru,65853
RU,ZAB,Харанор,ru,114925
RU,VLG,Харовск,ru,66139
RU,VLG,Харьковка,ru,118000
RU,MOS,Хатунь,ru,67231
RU,SAR,Хвалынск,ru,68275
RU,KLU,Хвастовичи,ru,117996
RU,NGR,Хвойная,ru,65425
RU,SAM,Хворостянка,ru,68151
RU,ZAB,Хилок,ru,173875
RU,MOS,Химки,ru,67233
RU,SMO,Хиславичи,ru,117021
RU,ME,Хлебниково,ru,67235
RU,LIP,Хлевное,ru,65575
RU,MOS,Хлюпино,ru,68987
RU,TOM,Хмелевка,ru,68531
RU,PER,Хмели,ru,63437
RU,KDA,Хобза,ru,68327
RU,KOS,Холм,ru,66047
RU,SMO,Холм-Жирковский,ru,117023
RU,ARK,Холмогоры,ru,63193
RU,SAK,Холмск,ru,144655
RU,KDA,Холмская,ru,66723
RU,MOS,Холмы,ru,68923
RU,KDA,Холодный Родник,ru,120719
RU,KRS,Хомутовка,ru,63723
RU,IRK,Хомутово,ru,66381
RU,ORL,Хомутово,ru,63357
RU,KHA,Хор,ru,69093
RU,BU,Хоринск,ru,63945
RU,MOS,Хорлово,ru,67237
RU,PRI,Хороль,ru,112337
RU,KDA,Хоста,ru,68329
RU,ORL,Хотынец,ru,63365
RU,MOS,Хотьково,ru,67239
RU,VOR,Хохол,ru,122606
RU,VOR,Хохольский,ru,65333
RU,KGD,Храброво,ru,66509
RU,VOR,Хреновое,ru,122580
RU,SAM,Хрящевка,ru,68463
RU,VGG,Царев,ru,69019
RU,BA,Цветы Башкирии,ru,68969
RU,ROS,Целина,ru,65251
KZ,SEV,Целинное,ru,64547
RU,KGN,Целинное,ru,66827
RU,CHE,Целинный,ru,173887
RU,VLA,Центральный,ru,113428
RU,KDA,Цибанобалка,ru,63511
RU,CU,Цивильск,ru,68735
RU,ARK,Цигломень,ru,120733
RU,ULY,Цильна,ru,65523
RU,ROS,Цимлянск,ru,65265
RU,PNZ,Чаадаевка,ru,64987
RU,VLG,Чагода,ru,68821
RU,TOM,Чажемто,ru,68533
RU,PER,Чайковский,ru,64387
RU,KR,Чална,ru,67975
RU,ROS,Чалтырь,ru,68079
RU,MO,Чамзинка,ru,67887
RU,NVS,Чаны,ru,67727
RU,SAM,Чапаевск,ru,68153
RU,LIP,Чаплыгин,ru,63931
RU,KGN,Частоозерье,ru,66829
RU,PER,Частые,ru,64813
RU,MOS,Часцы,ru,67241
RU,KDA,Чвижепсе,ru,65059
RU,CHE,Чебаркуль,ru,63301
RU,CU,Чебоксары,ru,-487
RU,VLG,Чебсара,ru,65663
RU,KB,Чегем,ru,64511
RU,KB,Чегем 2-й,ru,64513
RU,SAM,Чекалино,ru,89668
RU,IRK,Чекановский,ru,106953
RU,BA,Чекмагуш,ru,64465
RU,SAM,Челно-Вершины,ru,64947
RU,MOS,Челобитьево,ru,67243
RU,MOS,Челюскинский,ru,63829
RU,CHE,Челябинск,ru,-455
RU,KDA,Чемитоквадже,ru,68331
RU,PNZ,Чемодановка,ru,95067
RU,CU,Чемурша,ru,68895
RU,TYU,Червишево,ru,63549
RU,ULY,Чердаклы,ru,68651
RU,PER,Чердынь,ru,67933
RU,KRS,Черемисиново,ru,63725
RU,ZAB,Черемхово,ru,66383
RU,TA,Черемшан,ru,67415
RU,NVS,Черепаново,ru,67663
RU,VLG,Череповец,ru,-488
KZ,SEV,Черкасское,ru,117618
RU,KC,Черкесск,ru,63249
RU,MOS,Черкизово,ru,131465
RU,SVE,Черлак,ru,67729
RU,MOS,Черная Грязь,ru,67247
RU,NVS,Черниговка,ru,112341
RU,LEN,Черновское,ru,64631
RU,MOS,Черноголовка,ru,67249
RU,KK,Черногорск,ru,104646
RU,MOS,Черное,ru,67251
RU,SVE,Черноисточинск,ru,67553
RU,STA,Чернолесское,ru,65991
RU,OMS,Чернолучье,ru,67731
RU,KDA,Черноморский,ru,65115
RU,SAM,Черноречье,ru,64219
RU,PER,Чернушка,ru,67469
RU,ARK,Черный Яр,ru,65785
RU,VGG,Черный Яр,ru,65191
RU,ZAB,Чернышевск,ru,112428
RU,VGG,Чернышковский,ru,66091
RU,TOM,Чернышовка,ru,68535
RU,TUL,Чернь,ru,69131
RU,BEL,Чернянка,ru,66211
RU,KGD,Черняховск,ru,66511
RU,ROS,Чертково,ru,65545
RU,CHE,Чесма,ru,68805
RU,BA,Чесноковка,ru,65721
RU,SAK,Чехов,ru,67253
KZ,SEV,Чехово,ru,65737
RU,MOS,Чигасово,ru,63823
RU,NVS,Чик,ru,64579
RU,TOM,Чилино,ru,68537
KZ,ALM,Чимбулак,ru,134106
RU,KEM,Чистогорский,ru,64475
RU,NVS,Чистоозерное,ru,64587
RU,TA,Чистополь,ru,66449
RU,KOS,Чистые Боры,ru,117192
RU,ZAB,Чита,ru,-498
RU,BA,Чишмы,ru,68693
RU,KEM,Чкаловский,ru,116035
RU,PRI,Чугуевка,ru,112345
RU,NGR,Чудово,ru,66049
RU,ALT,Чуйский,ru,64549
RU,RYA,Чулково,ru,146307
RU,MOS,Чулково,ru,68997
RU,NVS,Чулым,ru,67665
RU,SA,Чульман,ru,111168
RU,MOS,Чупряково,ru,65493
RU,UD,Чур,ru,64841
RU,MOS,Чурилково,ru,69025
RU,PER,Чусовой,ru,67935
RU,KOS,Чухлома,ru,89590
RU,VLG,Чушевицы,ru,66141
RU,KDA,Чушка,ru,65331
RU,ORL,Шаблыкино,ru,63367
RU,KGN,Шадринск,ru,63237
RU,CU,Шакулово,ru,64607
RU,KYA,Шалинское,ru,66791
RU,SVE,Шаля,ru,66295
RU,BA,Шаран,ru,64721
RU,NIZ,Шаранга,ru,65139
RU,KEM,Шарап,ru,111481
RU,MOS,Шарапово,ru,101481
RU,UD,Шаркан,ru,66331
RU,ORE,Шарлык,ru,67773
RU,KYA,Шарыпово,ru,66793
RU,KOS,Шарья,ru,66629
RU,SMO,Шаталово,ru,117027
RU,KGN,Шатрово,ru,68599
RU,MOS,Шатура,ru,67255
RU,MOS,Шатурторф,ru,65397
RU,AD,Шаумян,ru,115777
RU,BA,Шафраново,ru,64467
RU,KDA,Шахе,ru,68333
RU,MOS,Шаховская,ru,64019
RU,SAK,Шахтерск,ru,144679
RU,ROS,Шахты,ru,-60095
RU,NIZ,Шахунья,ru,67513
RU,RYA,Шацк,ru,105212
RU,VGG,Шебалино,ru,64551
RU,BEL,Шебекино,ru,66213
RU,MO,Шейн-Майдан,ru,127728
RU,VLG,Шексна,ru,68823
RU,ALT,Шелаболиха,ru,65941
RU,ME,Шелангер,ru,65035
RU,IRK,Шелехов,ru,66385
RU,ZAB,Шелопугино,ru,173892
RU,KR,Шелтозеро,ru,67977
RU,MOS,Шеметово,ru,119906
RU,TA,Шемордан,ru,66451
RU,CU,Шемурша,ru,68653
RU,PNZ,Шемышейка,ru,67889
RU,ARK,Шенкурск,ru,63225
RU,SAM,Шентала,ru,64945
RU,KDA,Шепси,ru,68335
RU,OMS,Шербакуль,ru,67733
RU,KEM,Шерегеш,ru,67601
RU,MOS,Шереметьево 1,ru,67257
RU,MOS,Шереметьево 2,ru,67259
RU,MOS,Шереметьевский,ru,63623
RU,NGR,Шереховичи,ru,63499
RU,ZAB,Шерловая Гора,ru,114921
RU,SAM,Шигоны,ru,68465
RU,ZAB,Шилка,ru,106985
RU,VLG,Шилово,ru,112376
RU,TA,Шильнебаш,ru,63563
RU,AMU,Шимановск,ru,112817
RU,CU,Шимкусы,ru,68737
RU,NIZ,Шиморское,ru,122973
RU,NGR,Шимск,ru,66051
RU,KOS,Шипилово,ru,68871
RU,NVS,Шипуново,ru,65943
RU,KDA,Широкая Балка,ru,65319
RU,ARK,Ширшинский,ru,120729
RU,SAR,Шиханы,ru,68277
RU,MOS,Шишкин Лес,ru,105210
RU,KDA,Школьный,ru,111477
RU,PRI,Шкотово,ru,63421
RU,LEN,Шлиссельбург,ru,64145
RU,KR,Шокша,ru,63981
RU,NGR,Шолохово,ru,67261
RU,ROS,Шолоховский,ru,65289
RU,MUR,Шонгуй,ru,67381
RU,CU,Шоршелы,ru,65011
RU,MOS,Шувое,ru,102780
RU,SMO,Шуйское,ru,66143
RU,KOS,Шульгино,ru,67263
RU,CU,Шумерля,ru,68739
RU,KGN,Шумиха,ru,68807
RU,SMO,Шумячи,ru,112418
RU,SVE,Шушары,ru,64089
RU,IVA,Шуя,ru,89616
RU,KR,Шуя,ru,67979
RU,CU,Шыгырдан,ru,127726
KZ,ZAP,Щапово,ru,65193
RU,LEN,Щеглово,ru,119779
RU,YAR,Щедрино,ru,65479
RU,SMO,Щекино,ru,145157
RU,MOS,Щелково,ru,67265
RU,SVE,Щелкун,ru,64653
RU,BEL,Щепкин,ru,64277
RU,MOS,Щербинка,ru,67267
RU,KRS,Щигры,ru,63691
RU,MOS,Щитниково,ru,67271
RU,TYU,Щучье,ru,68809
RU,IRK,Эдучанка,ru,103544
RU,KO,Эжва,ru,64955
KZ,PAV,Экибастуз,ru,~101109
RU,KDA,Экономическое,ru,65323
RU,MOS,Электрогорск,ru,67273
RU,MOS,Электроизолятор,ru,119898
RU,MOS,Электросталь,ru,67275
RU,MOS,Электроугли,ru,67277
RU,KL,Элиста,ru,63331
RU,NVS,Элитный,ru,114490
RU,KB,Эльбрус,ru,68027
RU,SE,Эльхотово,ru,65233
RU,SAR,Энгельс,ru,-115510
RU,AD,Энем,ru,66725
RU,IRK,Энергетик,ru,103554
RU,BA,Энергетик,ru,63891
RU,ORE,Энергетик,ru,67805
RU,TVE,Энергетик,ru,68029
RU,LEN,Энколово,ru,69057
RU,KC,Эркен-Шахар,ru,65667
RU,VOR,Эртиль,ru,66215
RU,KR,Эссойла,ru,67981
RU,KDA,Эсто-Садок,ru,68337
RU,KDA,Юбилейный,ru,64507
RU,MOS,Юбилейный,ru,67279
RU,PER,Юго-Камский,ru,64793
RU,TA,Юдино,ru,67281
RU,IVA,Южа,ru,93030
RU,KDA,Южная Озереевка,ru,67633
RU,SAK,Южно-Сахалинск,ru,144653
RU,CHE,Южноуральск,ru,68811
KZ,KAR,Южный,ru,120389
RU,UD,Юкаменское,ru,66333
RU,LEN,Юкки,ru,69065
RU,KGN,Юлдус,ru,64603
RU,BA,Юмагузино,ru,63853
RU,BA,Юматово,ru,65549
RU,MOS,Юрасово,ru,69113
RU,KEM,Юрга,ru,68539
RU,KGN,Юргамыш,ru,66831
RU,TYU,Юргинское,ru,68601
RU,ME,Юрино,ru,124523
RU,ME,Юркино,ru,67383
RU,PER,Юрла,ru,64815
RU,VLG,Юрово,ru,66145
RU,MOW,Юрово,ru,115932
RU,VLA,Юрьев-Польский,ru,102441
RU,NIZ,Юрьевец,ru,117188
RU,KIR,Юрья,ru,66631
RU,CHE,Юрюзань,ru,68695
RU,PER,Юсьва,ru,64819
RU,KLU,Юхнов,ru,112386
RU,STA,Юца,ru,68031
RU,SAM,Яблоневый Овраг,ru,68467
RU,AD,Яблоновский,ru,66727
RU,MO,Явас,ru,67891
RU,SAM,Ягодное,ru,68469
RU,KEM,Ягуновский,ru,64457
RU,CU,Ядрин,ru,68741
RU,NGR,Яжелбицы,ru,68891
RU,KO,Язель,ru,65509
RU,BEL,Языково,ru,64909
RU,BA,Языково,ru,68697
RU,PER,Яйва,ru,67937
RU,BEL,Яковлевка,ru,112343
RU,BEL,Яковлево,ru,63767
RU,KOS,Яковлевское,ru,119880
RU,KDA,Якорная щель,ru,68339
RU,AST,Яксатово,ru,65197
RU,SA,Якутск,ru,111152
RU,UD,Якшур,ru,63525
RU,UD,Якшур-Бодья,ru,66335
RU,KR,Ялгуба,ru,63969
RU,CRI,Ялта,ru,~147581
RU,TYU,Ялуторовск,ru,68603
RU,LEN,Яльгелево,ru,119781
RU,CU,Яльчики,ru,68743
RU,MOS,Ям,ru,63607
RU,LEN,Ям-Ижора,ru,64095
RU,MOS,Ямкино,ru,63587
RU,BEL,Ямное,ru,68999
RU,MOS,Ямщина,ru,117033
RU,BA,Янаул,ru,67471
RU,AST,Яндыки,ru,65855
RU,LEN,Янино-1,ru,64099
RU,LEN,Янино-2,ru,64097
RU,KR,Янишполе,ru,63979
RU,ROS,Янтарный,ru,66513
RU,CU,Янтиково,ru,68745
RU,UD,Яр,ru,88297
RU,KIR,Яранск,ru,68747
RU,ARK,Яренск,ru,63487
RU,PER,Ярино,ru,104891
RU,NVS,Ярково,ru,68605
RU,ALT,Яровое,ru,131017
RU,YAR,Ярославль,ru,-483
RU,PRI,Ярославский,ru,112350
RU,SMO,Ярцево,ru,63187
RU,NIZ,Ясенцы,ru,88293
RU,ZAB,Ясная,ru,173884
KZ,SEV,Ясная Поляна,ru,111479
RU,TUL,Ясногорск,ru,106949
RU,ZAB,Ясногорск,ru,114919
RU,STA,Ясный,ru,67807
RU,MOS,Яхрома,ru,67283
RU,KEM,Яшкино,ru,66561
RU,KL,Яшкуль,ru,112354
RU,KEM,Яя,ru,66563
